"","x"
"AAACGAAAGGTGCAGT-1","1"
"AAACGCTGTCGCTCGA-1","2"
"AAACGCTTCGGCTGGT-1","7"
"AAAGAACAGAATCGCG-1","6"
"AAAGAACAGTGTAGAT-1","2"
"AAAGAACTCGTGGCGT-1","1"
"AAAGGATAGTACAGCG-1","0"
"AAAGGATGTAACATGA-1","4"
"AAAGGATGTCTCACGG-1","1"
"AAAGGATTCCCTCGAT-1","4"
"AAAGGGCAGGGCAGAG-1","7"
"AAAGGGCGTATGCAAA-1","3"
"AAAGGTAAGACCTCAT-1","1"
"AAAGGTAGTAGCTTTG-1","2"
"AAAGGTAGTGGCCCAT-1","7"
"AAAGTCCCATTCCTAT-1","8"
"AAAGTCCGTGCTCTCT-1","3"
"AAAGTGACAATACAGA-1","5"
"AAAGTGAGTGGCCTCA-1","2"
"AAATGGAAGCTCACTA-1","5"
"AAATGGACATAGACTC-1","4"
"AACAAAGAGCGACAGT-1","0"
"AACAAAGAGGAGAGTA-1","8"
"AACAAAGAGGTAGATT-1","6"
"AACAAAGTCGGTTCAA-1","2"
"AACAACCAGAGGTCGT-1","0"
"AACAACCAGATCGCCC-1","0"
"AACAACCAGCAGGTCA-1","1"
"AACAACCAGCGTTACT-1","8"
"AACAACCCATCCGGCA-1","0"
"AACAACCGTCCCTGTT-1","1"
"AACAACCTCCGATAGT-1","5"
"AACAACCTCGCCAATA-1","9"
"AACAAGACAACCGCTG-1","2"
"AACAAGATCTCTCGAC-1","2"
"AACACACCACGCTGAC-1","8"
"AACAGGGCAAAGGGCT-1","10"
"AACAGGGGTGCGCTCA-1","0"
"AACAGGGTCTCTCTAA-1","6"
"AACCAACCAGACATCT-1","4"
"AACCAACCATTACTCT-1","3"
"AACCAACTCGCGTGCA-1","6"
"AACCACAGTATCCTCC-1","6"
"AACCACAGTCGTGGAA-1","3"
"AACCACATCAGATGCT-1","6"
"AACCACATCGAAGTGG-1","4"
"AACCATGAGTCCGTCG-1","1"
"AACCATGCACACGGAA-1","0"
"AACCATGGTCGTATTG-1","0"
"AACCATGGTGCTCGTG-1","4"
"AACCCAACAGCACAGA-1","4"
"AACCCAATCAGGTGTT-1","3"
"AACCCAATCATCGGGC-1","6"
"AACCCAATCATTACTC-1","2"
"AACCTGAAGGACTATA-1","5"
"AACCTGAGTGCTTATG-1","0"
"AACCTTTAGATGTTAG-1","0"
"AACCTTTTCGGCCAAC-1","6"
"AACCTTTTCTTCTAAC-1","6"
"AACGAAACAACAAAGT-1","7"
"AACGAAACAATGAGCG-1","1"
"AACGGGAAGGTCGTCC-1","4"
"AACGGGACAAATAAGC-1","3"
"AACGGGAGTAAGAACT-1","2"
"AACGGGAGTGGCCTCA-1","0"
"AACGGGAGTTCAAGTC-1","3"
"AACGTCAAGTAGTCAA-1","3"
"AACGTCAAGTGCCGAA-1","1"
"AACGTCAGTAGCTGTT-1","4"
"AACGTCAGTATTGAGA-1","3"
"AACGTCAGTCCAGCGT-1","0"
"AACGTCAGTTGGTAGG-1","5"
"AACTTCTAGCGCTGCT-1","7"
"AACTTCTGTCAGCTTA-1","4"
"AAGAACACAAGTCCAT-1","0"
"AAGAACATCATTGTGG-1","2"
"AAGACAAAGCGGTATG-1","3"
"AAGACAACAATCACGT-1","3"
"AAGACAACACATGGTT-1","10"
"AAGACAACATGGGTCC-1","3"
"AAGACAATCGTCTCAC-1","0"
"AAGACTCTCTGTCAGA-1","2"
"AAGATAGAGACAGCTG-1","4"
"AAGATAGAGTCTGCGC-1","7"
"AAGCATCAGTGAGGCT-1","9"
"AAGCATCCATACGCAT-1","1"
"AAGCGAGAGTGCGACA-1","1"
"AAGCGAGTCCTTCAGC-1","5"
"AAGCGTTAGGCCTGCT-1","4"
"AAGCGTTCACAAATGA-1","1"
"AAGGAATGTCATAGTC-1","0"
"AAGGAATTCCGTTTCG-1","0"
"AAGGTAACAAGACGAC-1","0"
"AAGGTAACATTAAAGG-1","6"
"AAGTACCAGGTGCAGT-1","4"
"AAGTACCCAGACCGCT-1","1"
"AAGTACCGTCCACTCT-1","3"
"AAGTACCGTGAGATAT-1","4"
"AAGTCGTCAAGTCCAT-1","3"
"AAGTCGTCATGACGAG-1","7"
"AAGTCGTGTGCGGTAA-1","1"
"AAGTCGTTCTCGCGTT-1","3"
"AAGTGAACACAGTGAG-1","3"
"AAGTGAACATGGGCAA-1","2"
"AAGTGAATCAGTCACA-1","0"
"AAGTTCGCATTGGGAG-1","1"
"AAGTTCGTCGCTGCGA-1","1"
"AATAGAGGTCAGCGTC-1","1"
"AATAGAGGTGCAGATG-1","1"
"AATCACGAGATGTAGT-1","5"
"AATCACGAGGCTTCCG-1","8"
"AATCACGCAGGACTAG-1","5"
"AATCACGTCATCTCTA-1","4"
"AATCGACAGCAAGTCG-1","5"
"AATCGACCATGTGCCG-1","5"
"AATCGACGTCGAATGG-1","1"
"AATCGACGTGATACAA-1","6"
"AATCGACGTGTATCCA-1","4"
"AATCGTGAGAGTGACC-1","3"
"AATCGTGCAACAGATA-1","8"
"AATCGTGGTACTGTTG-1","8"
"AATGAAGCAGCTGAAG-1","2"
"AATGAAGGTATCCTCC-1","8"
"AATGAAGGTCCCGGTA-1","2"
"AATGAAGGTTGTTGAC-1","2"
"AATGAAGTCAAACCCA-1","5"
"AATGACCCATCCTGTC-1","4"
"AATGCCAAGACGCCCT-1","3"
"AATGCCAAGACTGAGC-1","10"
"AATGCCAAGGAAGAAC-1","1"
"AATGCCACACGCGTCA-1","11"
"AATGCCACACGTACAT-1","5"
"AATGCCACATCCGGCA-1","1"
"AATGCCAGTCCGACGT-1","4"
"AATGGAAAGAAATGGG-1","3"
"AATGGAAAGCTCGTGC-1","3"
"AATGGAATCCTCTAGC-1","3"
"AATGGCTCAAGGCAAC-1","11"
"AATGGCTCATAGTCAC-1","10"
"AATGGCTGTTCAAACC-1","9"
"AATTCCTCAAAGGCAC-1","0"
"AATTCCTGTATGCTAC-1","10"
"AATTTCCGTTGACTAC-1","2"
"ACAAAGAAGTATTAGG-1","9"
"ACAAAGATCTCTTCAA-1","9"
"ACAACCAAGCTCATAC-1","4"
"ACAACCACACAATGCT-1","2"
"ACAACCACACTTTATC-1","0"
"ACAACCATCTCTCTAA-1","0"
"ACAAGCTAGCCTCTTC-1","10"
"ACAAGCTAGTAAGACT-1","2"
"ACAAGCTGTCAGGCAA-1","6"
"ACAAGCTTCGTGGAAG-1","8"
"ACACAGTCAACAACAA-1","4"
"ACACAGTCACGGCTAC-1","1"
"ACACAGTTCAAGATAG-1","4"
"ACACCAATCAAGCCTA-1","5"
"ACACCAATCTGGCTGG-1","2"
"ACACGCGAGTAGTGCG-1","2"
"ACACGCGCAAGTGCAG-1","0"
"ACACGCGCACGCTGTG-1","10"
"ACACTGAAGAGATGCC-1","2"
"ACACTGAAGGACGGAG-1","5"
"ACACTGAAGGATTTCC-1","4"
"ACACTGACACCACTGG-1","2"
"ACACTGACAGACGCTC-1","0"
"ACACTGAGTCTGTGTA-1","7"
"ACACTGAGTGCGGCTT-1","10"
"ACAGAAAAGACGCAGT-1","0"
"ACAGAAAAGTTAACAG-1","2"
"ACAGAAACACACAGCC-1","6"
"ACAGAAACACTTTAGG-1","4"
"ACAGAAATCCATCTAT-1","1"
"ACAGCCGCACGCGGTT-1","4"
"ACAGGGACATCGGTTA-1","10"
"ACAGGGATCCTGGGTG-1","3"
"ACATCGAGTGTACATC-1","3"
"ACATCGAGTGTATACC-1","7"
"ACATGCACACTAGGCC-1","7"
"ACATGCATCGTGCATA-1","8"
"ACATTTCGTCTGTAGT-1","2"
"ACATTTCTCCAGTACA-1","7"
"ACATTTCTCCTATGGA-1","6"
"ACCAAACGTCGGTGAA-1","0"
"ACCAACACACCCAAGC-1","2"
"ACCAACATCTCGTTTA-1","0"
"ACCACAAGTGACCGTC-1","0"
"ACCACAAGTGGCTGAA-1","5"
"ACCACAATCAGCATTG-1","2"
"ACCACAATCTCGTCAC-1","6"
"ACCACAATCTGAGATC-1","11"
"ACCCAAAGTTGGTAGG-1","1"
"ACCCAAATCACTTATC-1","4"
"ACCCTCACAATGGCCC-1","3"
"ACCCTCAGTTACGGAG-1","2"
"ACCCTTGGTAATGCGG-1","0"
"ACCCTTGGTACCGTCG-1","5"
"ACCCTTGGTTCTTCAT-1","1"
"ACCGTTCGTTTGGAAA-1","6"
"ACCGTTCTCTATTCGT-1","0"
"ACCTACCAGACGGTTG-1","5"
"ACCTACCCATGATGCT-1","9"
"ACCTGAAGTAGAGATT-1","3"
"ACCTGAAGTTGGACTT-1","1"
"ACCTGAATCCGCGAGT-1","1"
"ACCTGAATCTTTGATC-1","2"
"ACCTGTCCAACCGACC-1","3"
"ACCTGTCTCATTTGCT-1","5"
"ACCTGTCTCCTTGGAA-1","7"
"ACGATCAAGGTTGCCC-1","0"
"ACGATCAGTGAACGGT-1","0"
"ACGATCATCTGCGAGC-1","1"
"ACGATGTAGGTCGTCC-1","8"
"ACGATGTCATCCTATT-1","0"
"ACGATGTGTAAGGCTG-1","1"
"ACGATGTGTCTCAAGT-1","5"
"ACGCACGCAAGGATGC-1","1"
"ACGCACGTCTATACGG-1","1"
"ACGGAAGCAACTGCCG-1","11"
"ACGGGTCTCTGTCCGT-1","5"
"ACGGTCGAGCTTTCTT-1","0"
"ACGGTCGGTTGCCATA-1","1"
"ACGGTCGTCACGGGCT-1","1"
"ACGGTCGTCAGACCTA-1","2"
"ACGGTCGTCCGATGCG-1","5"
"ACGGTTAAGTCAATCC-1","1"
"ACGGTTACACAAATGA-1","1"
"ACGGTTAGTGCACATT-1","2"
"ACGGTTAGTTCAGCGC-1","8"
"ACGGTTATCGTAGTGT-1","6"
"ACGTAACAGAAGCGCT-1","6"
"ACGTAACCAGCTACAT-1","3"
"ACGTAACGTTCGTAAC-1","4"
"ACGTAACTCCCTCGAT-1","7"
"ACGTACAAGAAACCCG-1","4"
"ACGTACAGTGTGTCGC-1","9"
"ACGTACATCTCGTCGT-1","9"
"ACGTAGTAGGAAAGTG-1","2"
"ACGTAGTGTAGACAAT-1","0"
"ACGTCCTCAGAGTTCT-1","0"
"ACGTCCTCATAATCCG-1","1"
"ACGTCCTGTCTCGCGA-1","10"
"ACGTTCCAGATAGCAT-1","5"
"ACTACGACAACAAAGT-1","5"
"ACTACGAGTCTCAGGC-1","5"
"ACTACGATCGTGGAAG-1","0"
"ACTACGATCTAGAACC-1","1"
"ACTATCTAGGGAACAA-1","2"
"ACTATCTTCTGCGGAC-1","4"
"ACTATGGCACCGTACG-1","6"
"ACTATTCAGTAACCTC-1","6"
"ACTATTCCAAAGCGTG-1","0"
"ACTATTCCAAGCTACT-1","5"
"ACTATTCCACGAGGTA-1","8"
"ACTATTCGTGACTAAA-1","1"
"ACTATTCGTGCCGAAA-1","4"
"ACTATTCTCAGAGTTC-1","7"
"ACTATTCTCGGTCGGT-1","6"
"ACTCCCAAGAGCAAGA-1","9"
"ACTCCCAAGCTAGCCC-1","3"
"ACTCCCAAGGTGAGCT-1","2"
"ACTCCCAGTGGTGATG-1","2"
"ACTCTCGAGAGCATCG-1","6"
"ACTCTCGGTAGCTAAA-1","6"
"ACTCTCGGTCCCGGTA-1","5"
"ACTCTCGTCATTCATC-1","2"
"ACTCTCGTCCGTGTAA-1","10"
"ACTCTCGTCGATGCTA-1","5"
"ACTGATGCAACTCCCT-1","11"
"ACTGATGGTATCTCGA-1","1"
"ACTGATGTCAGCCCAG-1","0"
"ACTGTCCCAAGGCTTT-1","6"
"ACTGTCCGTGTCATGT-1","3"
"ACTGTGAAGCTAGTTC-1","3"
"ACTGTGAAGTGCACTT-1","0"
"ACTGTGAGTGCAATAA-1","5"
"ACTGTGATCAACCTTT-1","2"
"ACTGTGATCTCGAACA-1","9"
"ACTTAGGGTCTCGGAC-1","3"
"ACTTAGGGTTATCCAG-1","2"
"ACTTAGGTCTCACTCG-1","11"
"ACTTATCCAAATGGCG-1","2"
"ACTTATCCACTTCTCG-1","4"
"ACTTCCGAGATGAAGG-1","0"
"ACTTCCGTCGTAACCA-1","10"
"ACTTCCGTCTCTGACC-1","6"
"ACTTCGCGTCATGGCC-1","0"
"ACTTCGCTCAGCCTCT-1","5"
"ACTTTCAGTATCAAGA-1","0"
"ACTTTGTAGACCAGCA-1","9"
"ACTTTGTCATGCCGCA-1","3"
"ACTTTGTGTACAGTCT-1","1"
"ACTTTGTGTTACACAC-1","8"
"ACTTTGTTCGACGCGT-1","5"
"ACTTTGTTCGCGATCG-1","6"
"AGAAATGGTGTTACTG-1","11"
"AGAACAAAGTTAGTGA-1","0"
"AGAACAACATACACCA-1","1"
"AGAACAACATCCGAAT-1","4"
"AGAACAAGTAGTGCGA-1","4"
"AGAACAAGTTACGGAG-1","2"
"AGAACCTAGGCTCACC-1","5"
"AGAACCTAGTATCCTG-1","6"
"AGAAGCGAGGCCTTGC-1","6"
"AGAAGCGCACCGCTGA-1","11"
"AGAAGCGGTTGCGTAT-1","3"
"AGAAGCGTCGCCTTTG-1","2"
"AGAAGCGTCGTAGCCG-1","7"
"AGAAGCGTCTAAGAAG-1","7"
"AGAAGTAAGCTTTGTG-1","0"
"AGAAGTAGTGCATTAC-1","0"
"AGACAAAGTCTGCGCA-1","2"
"AGACACTCAACCTAAC-1","1"
"AGACACTGTAAGATAC-1","0"
"AGACACTGTATGGGAC-1","0"
"AGACACTGTTAGCTAC-1","5"
"AGACACTTCACCATGA-1","0"
"AGACAGGGTCGGATTT-1","4"
"AGACAGGGTTCCTAGA-1","0"
"AGACAGGTCAGCTGAT-1","2"
"AGACCATAGACCAAGC-1","7"
"AGACCATCAATACAGA-1","4"
"AGACCATCACACTTAG-1","2"
"AGACCATTCCCGTGTT-1","7"
"AGACCCGCAGACCCGT-1","8"
"AGACCCGGTAGACAAT-1","7"
"AGACTCAAGGCGTTGA-1","1"
"AGAGAATAGCCGCACT-1","0"
"AGAGAATCAAGACTGG-1","3"
"AGAGAATCAGTATACC-1","1"
"AGAGAGCAGATCGGTG-1","7"
"AGAGAGCCAACGAGGT-1","4"
"AGAGAGCGTCTCCTGT-1","4"
"AGAGAGCGTTCAGTAC-1","0"
"AGAGAGCTCGTAGAGG-1","3"
"AGAGCAGAGTATGGAT-1","3"
"AGAGCCCAGAAACTCA-1","9"
"AGAGCCCCAATATCCG-1","6"
"AGAGCCCCAATCTGCA-1","4"
"AGAGCCCCACAAGCTT-1","2"
"AGAGCCCCACGGTGCT-1","2"
"AGATAGAAGCCATTCA-1","5"
"AGATAGAAGCCTCTCT-1","0"
"AGATAGACACACGTGC-1","2"
"AGATAGAGTACCCAGC-1","4"
"AGATCCAAGGTTTGAA-1","2"
"AGATCCACATTCACAG-1","3"
"AGATCCAGTCGATGCC-1","1"
"AGATCGTCATCGGATT-1","8"
"AGATCGTCATTGCCTC-1","4"
"AGATCGTTCAGAGCGA-1","1"
"AGATGAAAGATGAATC-1","0"
"AGATGAAGTCCTTGTC-1","11"
"AGATGAAGTTAAGGGC-1","1"
"AGATGAATCCCTCATG-1","2"
"AGATGCTGTCACAGAG-1","1"
"AGATGCTTCACCTGGG-1","2"
"AGCATCAAGTGCTACT-1","5"
"AGCATCACAAATTGGA-1","8"
"AGCCAATCACGCTATA-1","1"
"AGCCAATCAGCTAACT-1","0"
"AGCCAATCATACCAGT-1","6"
"AGCCAATGTACTCAAC-1","4"
"AGCCAATGTGGTCTAT-1","0"
"AGCCAATTCGCGGTAC-1","6"
"AGCCACGGTATTCCGA-1","10"
"AGCCACGTCGGTAGAG-1","1"
"AGCCACGTCTGGGATT-1","3"
"AGCCAGCCAAGGTCGA-1","2"
"AGCCAGCCATCCTAAG-1","4"
"AGCCAGCTCAAGATAG-1","3"
"AGCCAGCTCCTAAACG-1","2"
"AGCGATTAGTGATGGC-1","0"
"AGCGATTCAAAGGCAC-1","5"
"AGCGATTGTAGTTCCA-1","9"
"AGCGATTGTCTACTGA-1","4"
"AGCGCCAAGCGTCGAA-1","6"
"AGCGCCACACAAAGCG-1","1"
"AGCGCCAGTACGCTTA-1","6"
"AGCGCCAGTAGATGTA-1","3"
"AGCGCCAGTTACCTTT-1","6"
"AGCGCTGAGGAACTCG-1","3"
"AGCGCTGCAAAGGCAC-1","6"
"AGCGCTGCAAATGGAT-1","2"
"AGCGCTGTCCCTTGTG-1","3"
"AGCGTATAGGGCAACT-1","7"
"AGCGTATAGTATGGAT-1","1"
"AGCGTATCAGCCTATA-1","4"
"AGCGTATCAGCTACTA-1","0"
"AGCGTATGTTAGTTCG-1","2"
"AGCGTATTCTATCCAT-1","5"
"AGCGTCGAGGGATGTC-1","3"
"AGCGTCGCAAAGGTTA-1","1"
"AGCGTCGTCGGAAACG-1","5"
"AGCTACAAGTGAACAT-1","3"
"AGCTACACAAGTATAG-1","9"
"AGCTCAACAGCTGTCG-1","7"
"AGCTTCCCATCCTAAG-1","7"
"AGGAAATAGTGCTCAT-1","0"
"AGGAAATCAACCTATG-1","2"
"AGGAAATGTATAATGG-1","0"
"AGGAAATTCGGTAACT-1","1"
"AGGAATAAGATACGAT-1","3"
"AGGAATAAGTGGAAAG-1","3"
"AGGAATACAACCGATT-1","2"
"AGGACGACATCGGATT-1","2"
"AGGACGAGTAGGATAT-1","7"
"AGGACGATCGACCCAG-1","2"
"AGGACGATCTAGTTCT-1","5"
"AGGACTTAGCGTGTTT-1","1"
"AGGACTTTCACCGACG-1","3"
"AGGAGGTAGATCCCAT-1","3"
"AGGAGGTGTCATTCCC-1","6"
"AGGATAAAGGATAATC-1","3"
"AGGATCTGTGCAATAA-1","11"
"AGGCATTAGTCCGTCG-1","10"
"AGGCATTGTGAGACCA-1","9"
"AGGCATTTCAAGAGGC-1","1"
"AGGCCACAGCCTGGAA-1","0"
"AGGCCACCATATCTCT-1","5"
"AGGCCACGTATTGGCT-1","0"
"AGGCTGCCACCCTTAC-1","1"
"AGGCTGCTCTTCGTAT-1","5"
"AGGGAGTAGCGTTGTT-1","3"
"AGGGCCTAGTACCATC-1","11"
"AGGGCTCCATAATGCC-1","1"
"AGGGTCCTCCAACTGA-1","8"
"AGGGTCCTCCTTGAAG-1","4"
"AGGGTGAAGCAGGGAG-1","3"
"AGGGTGAAGCTATCCA-1","1"
"AGGGTGAAGGTCGTCC-1","2"
"AGGGTGACAATTGTGC-1","1"
"AGGGTGACATCCGCGA-1","8"
"AGGGTGAGTACAGAAT-1","2"
"AGGGTGAGTACTGCGC-1","0"
"AGGGTGATCATCGCAA-1","11"
"AGGGTTTGTGCCGAAA-1","6"
"AGGGTTTTCTTTGCGC-1","3"
"AGGTAGGAGGCACTCC-1","7"
"AGGTAGGAGTCCCGAC-1","2"
"AGGTAGGCAAATACGA-1","5"
"AGGTAGGCAACCAGAG-1","6"
"AGGTAGGGTTCGAGCC-1","1"
"AGGTAGGTCCTACGGG-1","6"
"AGGTAGGTCGGTCTAA-1","9"
"AGGTCATAGACCATGG-1","4"
"AGGTCATGTCATGGCC-1","9"
"AGGTCATGTTTCGTGA-1","7"
"AGGTCATTCAGAGCAG-1","10"
"AGGTGTTAGCATTTGC-1","7"
"AGGTGTTTCAGTGTCA-1","6"
"AGGTTACCAGAGAGGG-1","2"
"AGGTTGTAGACCAACG-1","5"
"AGGTTGTTCAGGGATG-1","3"
"AGGTTGTTCTAGTTCT-1","5"
"AGTAACCAGCCGTCGT-1","3"
"AGTAACCAGGTTCCGC-1","0"
"AGTAACCCACCCTCTA-1","0"
"AGTAACCCATCTGTTT-1","3"
"AGTAACCGTTTGGGAG-1","5"
"AGTACCAAGAAGCTCG-1","4"
"AGTACCAAGTGGTTAA-1","10"
"AGTACCACACTTCAGA-1","7"
"AGTACCAGTTACGATC-1","3"
"AGTACCAGTTATTCTC-1","0"
"AGTACCATCTCGCTCA-1","2"
"AGTACTGAGCGATGAC-1","3"
"AGTACTGGTACGTGTT-1","0"
"AGTACTGGTCGCGTCA-1","0"
"AGTAGCTAGAAGGCTC-1","0"
"AGTAGCTAGATGAATC-1","3"
"AGTAGCTAGGCTTAAA-1","1"
"AGTAGCTGTCGAATGG-1","2"
"AGTAGTCAGGCATCGA-1","9"
"AGTAGTCCAGCGGATA-1","1"
"AGTAGTCGTGAGATAT-1","6"
"AGTAGTCTCCAGCACG-1","1"
"AGTCAACAGGTCCCTG-1","3"
"AGTCATGAGACTCGAG-1","2"
"AGTCATGGTCACTCAA-1","2"
"AGTCATGGTGGGTATG-1","7"
"AGTCATGGTGGTTTAC-1","0"
"AGTCTCCCACGTCGTG-1","7"
"AGTGACTCAACGCATT-1","1"
"AGTGACTCACCTGAAT-1","3"
"AGTGACTGTAGGTAGC-1","4"
"AGTGATCAGCTACTAC-1","7"
"AGTGATCTCCGGTTCT-1","3"
"AGTGCCGAGATAGGGA-1","11"
"AGTGCCGGTTCCGCGA-1","6"
"AGTGCCGTCATACGGT-1","3"
"AGTGTTGAGCTTGTGT-1","6"
"AGTGTTGCACGTACAT-1","0"
"AGTGTTGGTGACGTCC-1","2"
"AGTGTTGGTGTGCCTG-1","0"
"AGTGTTGTCTGTTCAT-1","11"
"AGTTAGCCACTATCGA-1","5"
"AGTTAGCCAGTCAACT-1","1"
"AGTTAGCGTAATGTGA-1","2"
"AGTTCCCAGCTAGTTC-1","1"
"AGTTCCCCATATTCGG-1","8"
"AGTTCGACAACCTAAC-1","10"
"ATACCGAAGGAGAGTA-1","0"
"ATACCGAGTAGGCAGT-1","1"
"ATACCGAGTCAATCTG-1","1"
"ATACCGATCAGAATAG-1","1"
"ATACCTTAGTGCTACT-1","9"
"ATACCTTCAGACCTAT-1","0"
"ATACCTTGTGTACATC-1","8"
"ATACCTTTCATATGGC-1","6"
"ATACTTCAGACGTCGA-1","3"
"ATACTTCGTACGTAGG-1","9"
"ATACTTCGTGGGACAT-1","8"
"ATAGACCAGTGCTCAT-1","4"
"ATAGACCCATCTGGGC-1","3"
"ATAGACCTCCAAGCTA-1","0"
"ATAGAGAAGCCTGAGA-1","5"
"ATAGAGAGTGCCTACG-1","6"
"ATAGAGATCAATCGGT-1","6"
"ATAGAGATCAGCGCGT-1","0"
"ATAGGCTGTGGGATTG-1","6"
"ATAGGCTTCATGTCTT-1","6"
"ATATCCTAGAAGTCAT-1","10"
"ATATCCTGTACACGTT-1","5"
"ATATCCTTCATGCCGG-1","3"
"ATCACAGCAAGTGGAC-1","0"
"ATCACAGTCGAGAATA-1","2"
"ATCACAGTCGTTGTGA-1","7"
"ATCACGAAGGTGGGTT-1","4"
"ATCACGAGTATGCTAC-1","8"
"ATCACGAGTCACTCTC-1","2"
"ATCACGAGTCGGTGAA-1","1"
"ATCACTTAGAGTGTGC-1","3"
"ATCACTTCACGCAAAG-1","8"
"ATCACTTGTTACACTG-1","1"
"ATCACTTGTTGGCCGT-1","1"
"ATCACTTTCACCCTCA-1","4"
"ATCACTTTCCATGATG-1","6"
"ATCAGGTCATAGACTC-1","0"
"ATCATTCAGAATGTTG-1","1"
"ATCATTCAGTTGCGCC-1","1"
"ATCATTCCACTACACA-1","5"
"ATCCACCTCGCATTGA-1","0"
"ATCCATTGTGAATATG-1","2"
"ATCCATTGTTACAGCT-1","7"
"ATCCCTGGTATCGCTA-1","2"
"ATCCCTGGTTGATCGT-1","5"
"ATCCCTGTCACAAGAA-1","1"
"ATCCCTGTCTGTCGTC-1","0"
"ATCCGTCGTTAAAGTG-1","2"
"ATCCTATAGTCCCTAA-1","0"
"ATCCTATCACCAGCGT-1","4"
"ATCCTATTCAAGCTGT-1","10"
"ATCGCCTAGCTTTCCC-1","2"
"ATCGCCTAGGTACCTT-1","11"
"ATCGCCTCACGGCTAC-1","2"
"ATCGCCTGTGAACGGT-1","0"
"ATCGGATAGAGAGTGA-1","2"
"ATCGGATAGAGCGACT-1","0"
"ATCGGCGAGAGTTCGG-1","0"
"ATCGGCGAGTCGAATA-1","2"
"ATCGGCGGTTGGCCTG-1","5"
"ATCGTAGAGAAGAACG-1","1"
"ATCGTAGAGCTCGTGC-1","0"
"ATCGTAGCAGAAGCGT-1","9"
"ATCGTCCCATGACTTG-1","5"
"ATCGTCCGTCACTTAG-1","10"
"ATCGTCCTCCCTCGAT-1","1"
"ATCGTGAAGGAAAGGT-1","6"
"ATCGTGACAAGTTTGC-1","0"
"ATCTCTAGTAACACCT-1","7"
"ATCTCTAGTCATAGTC-1","1"
"ATCTCTAGTGTCCAAT-1","1"
"ATCTTCAAGTAATTGG-1","3"
"ATCTTCACAATGTCTG-1","1"
"ATCTTCATCACCTACC-1","3"
"ATCTTCATCCTTTGAT-1","0"
"ATGAAAGAGGTACTGG-1","6"
"ATGAAAGCAGATACTC-1","2"
"ATGACCAGTCCGTTTC-1","8"
"ATGACCAGTTGGAGAC-1","10"
"ATGAGGGCACAAATGA-1","2"
"ATGAGTCTCGGTCAGC-1","0"
"ATGATCGAGGTCGTGA-1","4"
"ATGATCGAGGTTGCCC-1","3"
"ATGATCGGTTGTTTGG-1","3"
"ATGATCGTCTTACCGC-1","0"
"ATGCATGAGCCTCACG-1","11"
"ATGCATGAGTGAGTGC-1","10"
"ATGCATGCAACCAACT-1","2"
"ATGCATGCAGATGCGA-1","7"
"ATGCCTCGTGGAGGTT-1","7"
"ATGCCTCTCACCTTGC-1","8"
"ATGCGATTCACCGCTT-1","3"
"ATGGAGGAGACTTCGT-1","2"
"ATGGAGGGTAAGGTCG-1","0"
"ATGGAGGTCTGGGCAC-1","7"
"ATGGATCAGGTTTGAA-1","7"
"ATGGGAGAGGCTCAAG-1","7"
"ATGGGAGGTTCTAAGC-1","2"
"ATGGGTTCAAGAGAGA-1","7"
"ATGGGTTTCCACATAG-1","2"
"ATGGTTGGTAACCAGG-1","0"
"ATGGTTGTCTGGAGAG-1","2"
"ATGTCCCAGATGCTGG-1","3"
"ATGTCCCCAGTTAAAG-1","1"
"ATGTCCCTCGCTTGCT-1","7"
"ATGTCTTGTGAGAGGG-1","0"
"ATGTCTTTCGTGCACG-1","7"
"ATTACCTAGTGAGTGC-1","4"
"ATTACCTCAGCCGTTG-1","1"
"ATTACCTTCGCTTGAA-1","0"
"ATTACCTTCTGTTGGA-1","4"
"ATTACTCAGTGGAATT-1","0"
"ATTACTCCAGCTGTTA-1","4"
"ATTATCCCAACAGCTT-1","2"
"ATTCACTAGCGTGTTT-1","6"
"ATTCACTCATAGCACT-1","4"
"ATTCACTGTGTGTGGA-1","9"
"ATTCACTTCCGCTAGG-1","8"
"ATTCAGGGTGACACAG-1","1"
"ATTCAGGTCGTGCGAC-1","1"
"ATTCATCCACTAGAGG-1","3"
"ATTCATCGTCCTTGTC-1","5"
"ATTCATCTCCCTCGAT-1","6"
"ATTCCATCACATCCCT-1","2"
"ATTCCATCAGAATCGG-1","3"
"ATTCCATCATCCAACA-1","5"
"ATTCCATCATGACTGT-1","6"
"ATTCCCGAGCAGATAT-1","7"
"ATTCCCGGTAACACCT-1","9"
"ATTCCTACAATTGTGC-1","2"
"ATTCCTATCGAGCTGC-1","2"
"ATTCCTATCTTAAGGC-1","1"
"ATTCGTTCAGAGATTA-1","6"
"ATTCGTTCATTAAAGG-1","6"
"ATTCGTTTCCTACACC-1","0"
"ATTCGTTTCTCATTGT-1","1"
"ATTCTACAGGAGAGTA-1","5"
"ATTCTACGTTCGGTCG-1","0"
"ATTCTTGAGCGGTATG-1","1"
"ATTCTTGAGTCATACC-1","11"
"ATTGGGTAGGGCAGGA-1","1"
"ATTGGGTCACGTAGTT-1","2"
"ATTGGGTCATGACTTG-1","4"
"ATTGGGTGTTGCATGT-1","1"
"ATTGTTCTCCTACGGG-1","0"
"ATTTACCCACGCCACA-1","6"
"ATTTACCGTTAACCTG-1","4"
"ATTTCACAGACCGTTT-1","2"
"ATTTCACGTGACCTGC-1","10"
"ATTTCACTCTTCGATT-1","1"
"ATTTCTGAGGTTGACG-1","7"
"ATTTCTGCACCGGTCA-1","0"
"ATTTCTGGTTGATGTC-1","10"
"ATTTCTGTCGTTGTGA-1","4"
"CAAAGAAAGGGTGAAA-1","5"
"CAACAACAGTTGGAGC-1","7"
"CAACAACGTGGGCTCT-1","5"
"CAACAGTAGAGTAACT-1","6"
"CAACAGTAGGTTCTAC-1","10"
"CAACAGTCAAGGATGC-1","3"
"CAACAGTGTTCTCCAC-1","5"
"CAACCAAAGCCTTTCC-1","5"
"CAACCAACAGACGCTC-1","11"
"CAACCAACATCGATAC-1","6"
"CAACCTCCAATTGCGT-1","0"
"CAACCTCTCGAACCAT-1","5"
"CAACCTCTCGCTCATC-1","0"
"CAACGATAGACCAAGC-1","5"
"CAACGATCAATAACGA-1","7"
"CAACGATGTTGGTGTT-1","4"
"CAACGATTCTACTGAG-1","11"
"CAACGATTCTGCCTCA-1","11"
"CAACGGCCAATTCTTC-1","3"
"CAACGGCCAGCAGATG-1","5"
"CAACGGCCATCTGCGG-1","3"
"CAACGGCGTGCCGTAC-1","3"
"CAACGGCTCCGCATAA-1","6"
"CAACGGCTCGACGCGT-1","11"
"CAAGACTAGGGCAGGA-1","7"
"CAAGACTGTCCTTTGC-1","10"
"CAAGACTTCTTTCAGT-1","0"
"CAAGAGGAGCCAAGGT-1","1"
"CAAGAGGAGTAGAATC-1","1"
"CAAGAGGCAACGGTAG-1","0"
"CAAGAGGCAAGATCCT-1","5"
"CAAGAGGCATAATGAG-1","0"
"CAAGAGGGTCTGTGCG-1","10"
"CAAGCTAAGTATCCTG-1","6"
"CAAGCTACAAATACAG-1","0"
"CAAGGGAAGTCATCGT-1","1"
"CAAGGGAAGTCGGCAA-1","6"
"CAAGGGACATTCTCCG-1","2"
"CAAGGGAGTACCGTGC-1","4"
"CAAGGGATCAACTCTT-1","9"
"CAAGGGATCTGAGATC-1","1"
"CAATACGAGGCACTAG-1","2"
"CAATACGCACGGATCC-1","0"
"CAATACGGTCTCTCAC-1","10"
"CAATACGTCCTTCTGG-1","2"
"CAATACGTCGCTAATG-1","2"
"CAATACGTCTCGTCGT-1","0"
"CAATCGAGTAAGTTAG-1","3"
"CAATCGAGTACACTCA-1","1"
"CAATCGATCTCACCCA-1","6"
"CAATGACTCCGAACGC-1","1"
"CAATTTCAGCGACATG-1","1"
"CAATTTCCAACTGTGT-1","4"
"CAATTTCCACAATGAA-1","0"
"CACAACAAGAGTGACC-1","5"
"CACAACAGTCGAGATG-1","8"
"CACAACATCATCCTGC-1","4"
"CACAACATCCTGGGTG-1","1"
"CACACAACATACAGAA-1","3"
"CACACAATCTTCGGAA-1","8"
"CACAGATAGACGTCCC-1","7"
"CACAGATCACACGGTC-1","9"
"CACAGATTCTTGGAAC-1","4"
"CACAGGCCAGCGTATT-1","5"
"CACAGGCGTTAACCTG-1","4"
"CACATGATCGATTCCC-1","6"
"CACCAAAGTAGGCTGA-1","7"
"CACCGTTGTCGAGTTT-1","0"
"CACCGTTTCGTTATCT-1","1"
"CACGAATGTACACTCA-1","1"
"CACGAATTCAGCTTGA-1","0"
"CACGAATTCCTGGGAC-1","6"
"CACGAATTCGCTTTAT-1","3"
"CACGGGTAGACTGTTC-1","2"
"CACGGGTGTCACGCTG-1","0"
"CACGGGTGTGAAAGTT-1","1"
"CACGGGTGTTGACGGA-1","6"
"CACGGGTTCGCACGGT-1","9"
"CACGTGGAGAAGTGTT-1","2"
"CACGTGGAGCGCGTTC-1","5"
"CACGTTCAGAGAGTTT-1","0"
"CACGTTCCACAAACGG-1","11"
"CACGTTCGTACTTCCC-1","4"
"CACGTTCGTTCATCTT-1","9"
"CACGTTCTCCATTGCC-1","2"
"CACTAAGCAACACAGG-1","11"
"CACTAAGTCACTGGGC-1","0"
"CACTGAAAGTCCGTCG-1","4"
"CACTGAACAAGGTCAG-1","8"
"CACTGAACATAACTCG-1","8"
"CACTGAATCCCGGTAG-1","7"
"CACTGAATCCGTGGTG-1","2"
"CACTGGGCAATTTCCT-1","1"
"CACTGGGGTCACAATC-1","0"
"CACTGGGGTGTTATCG-1","1"
"CACTGGGTCCTCGATC-1","0"
"CACTGTCAGGTTCACT-1","11"
"CACTTCGAGCCTATTG-1","8"
"CACTTCGGTTCTCACC-1","3"
"CACTTCGTCCCAGCGA-1","2"
"CAGAGCCAGTAAACAC-1","2"
"CAGAGCCGTTTCCATT-1","4"
"CAGATACAGACATCCT-1","9"
"CAGATACGTCGACTGC-1","3"
"CAGATACGTTCAAACC-1","4"
"CAGATACGTTCAACGT-1","2"
"CAGATACTCCACATAG-1","1"
"CAGATACTCTAAGAAG-1","0"
"CAGATCACAAGAGAGA-1","4"
"CAGATCAGTGTATCCA-1","4"
"CAGATCATCAAGTAAG-1","1"
"CAGATTGAGCTGAAAT-1","1"
"CAGATTGAGGGCAGTT-1","3"
"CAGATTGAGGTGCTAG-1","5"
"CAGATTGCAGGCTATT-1","4"
"CAGATTGCAGTTAGAA-1","2"
"CAGATTGGTACAGTAA-1","5"
"CAGATTGTCTATCGGA-1","2"
"CAGCAATGTCCTGGGT-1","2"
"CAGCACGAGAGGGTCT-1","2"
"CAGCACGGTACGAGTG-1","5"
"CAGCACGGTCGGTGAA-1","10"
"CAGCAGCAGGACAGCT-1","1"
"CAGCAGCCATCCAACA-1","4"
"CAGCAGCTCAAGCCCG-1","2"
"CAGCCAGAGCGTTAGG-1","5"
"CAGCCAGCACCTGCAG-1","0"
"CAGCCAGTCTCAAAGC-1","9"
"CAGCCAGTCTGTCCGT-1","0"
"CAGCGTGAGAACTGAT-1","10"
"CAGCGTGAGACTCTAC-1","7"
"CAGCGTGCAATAGAGT-1","0"
"CAGCGTGGTAGACAAT-1","4"
"CAGCGTGGTGGCGTAA-1","6"
"CAGCGTGTCCATTGGA-1","8"
"CAGGCCACAAATCCCA-1","10"
"CAGGCCAGTGTGAGCA-1","0"
"CAGGCCATCGGCTATA-1","1"
"CAGGCCATCTTAGGAC-1","2"
"CAGGGCTAGAAGCGGG-1","0"
"CAGGGCTAGAAGTATC-1","4"
"CAGGGCTCAGATCCTA-1","9"
"CAGGGCTGTCCCTAAA-1","3"
"CAGGGCTGTGCCTACG-1","1"
"CAGGTATCACATACTG-1","0"
"CAGGTATCAGGTATGG-1","6"
"CAGGTATTCAGTCATG-1","1"
"CAGTGCGGTGCTCCGA-1","1"
"CAGTGCGTCGCTCTCA-1","4"
"CAGTGCGTCTCGACGG-1","7"
"CAGTTAGAGGCGCTTC-1","0"
"CAGTTAGGTCTGTGCG-1","3"
"CAGTTAGTCATGCCCT-1","4"
"CAGTTCCTCTCGTGGG-1","8"
"CATAAGCAGGACAGCT-1","3"
"CATAAGCGTGAATGTA-1","5"
"CATACAGCATGAAGGC-1","4"
"CATACAGGTAAGCAAT-1","0"
"CATACAGTCTTCCCAG-1","2"
"CATACCCCATAGAGGC-1","6"
"CATACCCTCGCGTCGA-1","6"
"CATACTTAGCATCGAG-1","1"
"CATACTTCAGCCCACA-1","5"
"CATAGACGTGTAGTGG-1","6"
"CATAGACTCTGTGTGA-1","6"
"CATCAAGCAACCGCTG-1","5"
"CATCAAGCATCTCCCA-1","6"
"CATCCACAGACGATAT-1","1"
"CATCCACAGCATCAGG-1","0"
"CATCCACAGCGCCTTG-1","7"
"CATCCACCAGCAGGAT-1","9"
"CATCCACCAGTCCGTG-1","7"
"CATCCACGTAACTAAG-1","6"
"CATCCACGTGGCCCAT-1","5"
"CATCCACTCGACATAC-1","3"
"CATCCACTCTCGTTTA-1","0"
"CATCCACTCTGTGCAA-1","8"
"CATCCCACACAATGTC-1","5"
"CATCCCAGTACCAGAG-1","2"
"CATCCCAGTCTCTCCA-1","7"
"CATCCCAGTGGACTGA-1","6"
"CATCCCATCCATCACC-1","6"
"CATCCGTGTCGAGTTT-1","2"
"CATCCGTTCTGCGGCA-1","0"
"CATCGCTCACGCTGAC-1","2"
"CATCGCTCATAGTCGT-1","4"
"CATCGCTTCAGGCGAA-1","3"
"CATCGCTTCGTAACCA-1","3"
"CATCGCTTCTCTCTAA-1","4"
"CATCGGGCAGAATGTA-1","0"
"CATCGGGTCCGAAGGA-1","0"
"CATCGGGTCGGCTTCT-1","1"
"CATCGGGTCTCAACCC-1","8"
"CATCGTCCATTGAAAG-1","2"
"CATCGTCTCATTACTC-1","10"
"CATCGTCTCCATTGTT-1","4"
"CATGCCTAGCGCAATG-1","1"
"CATGCCTCACGCTTAA-1","0"
"CATGCCTTCCTACCGT-1","9"
"CATGCTCAGTGCGTCC-1","5"
"CATGCTCAGTGGCGAT-1","3"
"CATGCTCGTACAAAGT-1","1"
"CATGCTCGTACTGAGG-1","5"
"CATGCTCGTCGCACGT-1","3"
"CATGGATAGTTGTCGT-1","10"
"CATGGATCACTGAATC-1","1"
"CATGGATCATGGCTAT-1","6"
"CATGGTAAGATCCGAG-1","5"
"CATGGTAGTGTACGCC-1","3"
"CATGGTATCACCTCTG-1","4"
"CATTCATAGCTCCATA-1","6"
"CATTCATGTAAGTTAG-1","11"
"CATTCATGTTCTCCAC-1","3"
"CATTCCGCAGAAGTTA-1","5"
"CATTCCGTCTATTGTC-1","8"
"CATTCTAAGCGCCCAT-1","4"
"CATTCTACAAGAGTGC-1","4"
"CATTCTATCAGTGATC-1","4"
"CATTGAGCACGTAGTT-1","2"
"CATTGAGCATTGTCGA-1","2"
"CATTGAGGTTGTCAGT-1","3"
"CATTGAGTCATTCGTT-1","1"
"CATTGCCCAAGTTTGC-1","3"
"CATTGCCGTGAATGAT-1","0"
"CATTGCCGTTGGAGGT-1","1"
"CATTGCCTCATTTACC-1","7"
"CATTGCCTCTGCTCTG-1","4"
"CATTTCACACACCTTC-1","2"
"CATTTCATCCGTTGAA-1","0"
"CATTTCATCTTTGCAT-1","0"
"CCAAGCGAGAACCCGA-1","2"
"CCAAGCGCACCGTCGA-1","0"
"CCAAGCGGTTTCACAG-1","1"
"CCAAGCGTCTCTGGTC-1","1"
"CCAATGAAGGACAACC-1","2"
"CCAATTTAGGCCTTGC-1","7"
"CCAATTTCACTGGATT-1","4"
"CCAATTTTCACCCTCA-1","0"
"CCAATTTTCCGAGTGC-1","6"
"CCACAAAGTCGACTGC-1","2"
"CCACAAAGTTTCTATC-1","9"
"CCACAAATCAGACATC-1","2"
"CCACACTAGAAGGCTC-1","5"
"CCACACTCATCATCCC-1","0"
"CCACACTGTATCGTTG-1","7"
"CCACACTTCCATGATG-1","1"
"CCACCATCAGTTCCAA-1","4"
"CCACCATCATCAGCAT-1","8"
"CCACCATGTCTAGTGT-1","10"
"CCACCATTCTTAGCCC-1","1"
"CCACGAGCAATCACGT-1","11"
"CCACGAGTCACACCGG-1","0"
"CCACGAGTCCGGTAGC-1","7"
"CCACGTTAGACCTCAT-1","0"
"CCACGTTCAGACTCTA-1","5"
"CCACGTTGTGACAGGT-1","3"
"CCACTTGCACAGCTGC-1","4"
"CCACTTGTCTCTTCAA-1","6"
"CCATAAGGTCGCATCG-1","4"
"CCATCACTCATTGAGC-1","1"
"CCCAACTGTGCCCGTA-1","1"
"CCCAACTGTGCGAGTA-1","1"
"CCCATTGAGGGCAGTT-1","10"
"CCCATTGAGTACTGGG-1","0"
"CCCATTGCACGGAAGT-1","4"
"CCCATTGGTTCCGGTG-1","2"
"CCCATTGTCCTATGGA-1","1"
"CCCATTGTCTAGCCAA-1","10"
"CCCGAAGCAGGAGGTT-1","3"
"CCCGAAGGTCACTGAT-1","7"
"CCCGAAGTCACCTACC-1","8"
"CCCGAAGTCGTAGTCA-1","2"
"CCCGGAACAATTGCCA-1","1"
"CCCGGAAGTATCGAAA-1","1"
"CCCGGAATCTACCTTA-1","2"
"CCCTAACAGGTAACTA-1","1"
"CCCTAACGTAGTCGTT-1","1"
"CCCTAACGTGCGACAA-1","5"
"CCCTAACTCGATGCTA-1","0"
"CCCTCAAAGAACAAGG-1","6"
"CCCTCAAAGGTATAGT-1","7"
"CCCTCAAAGTAACAGT-1","9"
"CCCTCAACAACTCCCT-1","0"
"CCCTCAACAGTGCGCT-1","3"
"CCCTCAACATAAGCAA-1","3"
"CCCTCAACATCGATAC-1","11"
"CCCTCTCCATAAGCAA-1","0"
"CCCTCTCGTCTATGAC-1","10"
"CCCTCTCTCATGGGAG-1","2"
"CCCTGATAGACGCCCT-1","1"
"CCCTGATCATACGCAT-1","4"
"CCCTGATTCAGGGATG-1","3"
"CCCTGATTCATCAGTG-1","2"
"CCCTGATTCTCGAGTA-1","6"
"CCCTTAGCATGTGGCC-1","3"
"CCCTTAGTCCGTACGG-1","4"
"CCGAACGAGCCAGAGT-1","1"
"CCGATCTAGGGCAATC-1","1"
"CCGATCTTCCCGTTGT-1","0"
"CCGATCTTCGGCCTTT-1","3"
"CCGATGGCAACCGACC-1","5"
"CCGATGGGTATACAGA-1","0"
"CCGATGGGTTGTGGCC-1","0"
"CCGCAAGTCCACGAAT-1","7"
"CCGGACACAAGCAATA-1","3"
"CCGGACACACCGTGAC-1","1"
"CCGGACAGTTCCACGG-1","3"
"CCGGGTACAATCCTTT-1","1"
"CCGGGTACAGCTACCG-1","11"
"CCGGGTATCGCGTCGA-1","4"
"CCGGTGACATCGCTGG-1","1"
"CCGTAGGCAAGGCTTT-1","1"
"CCGTAGGGTCGCGGTT-1","6"
"CCGTAGGGTCTAGGCC-1","9"
"CCGTGAGAGCGCATCC-1","2"
"CCGTGAGTCTCCTGAC-1","4"
"CCGTTCAAGCATACTC-1","5"
"CCTAACCGTAGACGGT-1","2"
"CCTAACCGTGAAGCGT-1","3"
"CCTAACCGTGACCGAA-1","8"
"CCTAACCGTTCCAGGC-1","4"
"CCTAAGATCAACCTTT-1","5"
"CCTACGTAGGAATGTT-1","7"
"CCTACGTCACAAATCC-1","2"
"CCTACGTCACCCAATA-1","7"
"CCTACGTCAGTTAGGG-1","4"
"CCTACGTGTCAGCTTA-1","1"
"CCTACGTGTGTATTCG-1","1"
"CCTATCGGTAACATAG-1","3"
"CCTATCGGTTGTTGTG-1","9"
"CCTATCGTCAACCGAT-1","3"
"CCTCAACAGGTTCACT-1","7"
"CCTCAACCAAACACGG-1","2"
"CCTCAACCAACGGGTA-1","8"
"CCTCAACGTCCTACAA-1","8"
"CCTCAACTCAATCTTC-1","3"
"CCTCACAAGAGGACTC-1","5"
"CCTCATGTCCATTTGT-1","1"
"CCTCATGTCTCGTTTA-1","6"
"CCTCATGTCTCTAAGG-1","0"
"CCTCCAAAGATGACCG-1","5"
"CCTCCAAAGGCTCACC-1","3"
"CCTCCAAAGGTTCTTG-1","0"
"CCTCCAAAGGTTGTTC-1","8"
"CCTCCAACAGTCGTTA-1","4"
"CCTCCAACATTAAAGG-1","0"
"CCTCCAATCCATATGG-1","4"
"CCTCCAATCCCATTCG-1","5"
"CCTCCTCAGCGTGAGT-1","6"
"CCTCCTCCACTCTAGA-1","11"
"CCTCCTCGTCATTGCA-1","4"
"CCTCTAGCAGCGAACA-1","9"
"CCTCTAGGTGATAGAT-1","4"
"CCTCTAGGTTCTGACA-1","2"
"CCTCTCCAGAGGTTTA-1","8"
"CCTCTCCCAAACTGCT-1","9"
"CCTCTCCGTTGTCATG-1","3"
"CCTCTCCGTTGTGGCC-1","1"
"CCTGCATAGCGGTAGT-1","2"
"CCTGCATAGGTTAGTA-1","4"
"CCTGCATGTACCTAGT-1","3"
"CCTGTTGAGGGATCAC-1","1"
"CCTGTTGGTCGAGATG-1","5"
"CCTGTTGGTGGGCTCT-1","8"
"CCTTCAGCACCAGCCA-1","3"
"CCTTGTGAGCACACCC-1","4"
"CCTTGTGGTAACTTCG-1","1"
"CCTTTGGAGAAGGGAT-1","0"
"CCTTTGGCACATCATG-1","10"
"CCTTTGGGTATTGAGA-1","11"
"CCTTTGGGTCGATTTG-1","3"
"CGAAGGAAGAGCCGAT-1","0"
"CGAAGGAAGTTTGGCT-1","7"
"CGAAGGAGTAGGTACG-1","11"
"CGAAGGAGTGAGAGGG-1","3"
"CGAAGGATCCATCTAT-1","3"
"CGAAGGATCCTACTGC-1","0"
"CGAATTGCAATAGAGT-1","3"
"CGAATTGCATAACGGG-1","0"
"CGAATTGGTCAGGAGT-1","9"
"CGACAGCTCTGTAACG-1","2"
"CGAGAAGAGTAGGCCA-1","1"
"CGAGAAGCATAGGTAA-1","5"
"CGAGAAGTCTATTTCG-1","10"
"CGAGGAAGTATGTCCA-1","4"
"CGAGGAAGTTTACCTT-1","6"
"CGAGGAATCAGCGCAC-1","4"
"CGAGGCTAGGAAGTGA-1","7"
"CGAGGCTCACTATCGA-1","1"
"CGAGGCTGTTCCTAGA-1","0"
"CGAGGCTTCCATCAGA-1","1"
"CGAGGCTTCCTTGGAA-1","1"
"CGAGTGCTCCGCTTAC-1","5"
"CGAGTGCTCGGTGAAG-1","10"
"CGAGTTACATACTGTG-1","7"
"CGAGTTATCAAATAGG-1","3"
"CGATCGGAGGCCATAG-1","3"
"CGATCGGCAAGTGATA-1","5"
"CGATCGGTCATCCTGC-1","8"
"CGATGCGAGCGTATGG-1","5"
"CGATGCGAGGCATCTT-1","1"
"CGATGCGCAGATTAAG-1","6"
"CGATGCGGTCAGACTT-1","7"
"CGATGGCAGACCAAAT-1","9"
"CGATGGCAGGTAGTAT-1","2"
"CGATGGCAGTAGATCA-1","1"
"CGATGGCCAATAGTAG-1","6"
"CGATGGCCAGCTGTTA-1","4"
"CGATGGCCATACATCG-1","9"
"CGATGGCGTTTGGAAA-1","1"
"CGATGGCTCTCCTGTG-1","7"
"CGCAGGTGTTGGGTAG-1","5"
"CGCAGGTTCGACCTAA-1","8"
"CGCAGGTTCGAGAAAT-1","3"
"CGCATAAAGACTTCCA-1","0"
"CGCATAAAGAGGTCGT-1","1"
"CGCATAAGTAGGCAAC-1","1"
"CGCATAAGTGGTAATA-1","3"
"CGCATAATCACTTATC-1","6"
"CGCATAATCAGGGATG-1","0"
"CGCATGGAGGCTCCCA-1","0"
"CGCCAGAAGGTAAGTT-1","1"
"CGCCATTGTAGTACGG-1","4"
"CGCCATTTCTCGCGTT-1","2"
"CGCGTGAAGATGGCAC-1","7"
"CGGAACCCAACGACAG-1","2"
"CGGAACCCAAGCCTGC-1","3"
"CGGAACCGTGGGTCAA-1","9"
"CGGAACCTCCGTTGGG-1","11"
"CGGACACAGTAACGTA-1","0"
"CGGACACCATCCGATA-1","2"
"CGGACACTCGACTCCT-1","7"
"CGGAGAACAACTCCAA-1","8"
"CGGAGAACATGATAGA-1","3"
"CGGAGAACATGATCTG-1","3"
"CGGAGAATCTATCGGA-1","3"
"CGGCAGTAGCCGAACA-1","6"
"CGGGACTAGGACAGTC-1","3"
"CGGGACTGTATGTCTG-1","5"
"CGGGACTGTTACTCAG-1","6"
"CGGGACTTCCGCAGTG-1","1"
"CGGGTCACAAAGGCAC-1","5"
"CGGGTCATCCGTAGGC-1","0"
"CGGGTGTCAACGACTT-1","0"
"CGGTCAGGTGTAGTGG-1","11"
"CGGTCAGTCACTTCTA-1","7"
"CGGTCAGTCGGCTCTT-1","1"
"CGTAAGTCACCAATTG-1","10"
"CGTAAGTCACCCAAGC-1","1"
"CGTAAGTCACTTACAG-1","4"
"CGTAAGTTCCACATAG-1","3"
"CGTAAGTTCTAGTGAC-1","1"
"CGTAGTAAGGTACATA-1","7"
"CGTAGTAGTCTGCAAT-1","0"
"CGTAGTATCGCTGCGA-1","1"
"CGTCAAAAGACTTCAC-1","3"
"CGTCAAAAGTTTGTCG-1","7"
"CGTCCATAGTAGGGTC-1","7"
"CGTCCATTCAGTAGGG-1","11"
"CGTCCATTCGCCTTTG-1","1"
"CGTGAATAGCCATTTG-1","1"
"CGTGAATCAAGTGGAC-1","2"
"CGTGAATGTATCAAGA-1","2"
"CGTGAATTCGAGAACG-1","10"
"CGTGATAGTAGAGTTA-1","2"
"CGTGATATCGGTAAGG-1","6"
"CGTGCTTAGGTTCCGC-1","1"
"CGTGCTTCACGACAAG-1","0"
"CGTGCTTTCCAAGAGG-1","6"
"CGTGTCTAGTCCTGCG-1","6"
"CGTGTCTCAGTTCACA-1","0"
"CGTGTCTGTACCTAAC-1","0"
"CGTGTCTTCTGAGAAA-1","3"
"CGTTAGAGTACTCGAT-1","0"
"CGTTCTGCATGTAACC-1","8"
"CGTTCTGGTATCGTTG-1","9"
"CGTTCTGGTCTCACGG-1","4"
"CGTTCTGTCACACCCT-1","1"
"CGTTCTGTCACATTGG-1","0"
"CGTTGGGAGTCTTCGA-1","7"
"CGTTGGGCATGACACT-1","1"
"CGTTGGGTCAATCTTC-1","1"
"CGTTGGGTCTCGACGG-1","6"
"CTAACCCAGCGGATCA-1","10"
"CTAACCCGTCCGAAGA-1","3"
"CTAACCCTCAAATGCC-1","7"
"CTAACTTCAGTCAGAG-1","2"
"CTAACTTTCGTTCATT-1","3"
"CTAAGTGAGGATATAC-1","0"
"CTAAGTGCACACCAGC-1","7"
"CTACAGACAGCCGTTG-1","1"
"CTACATTAGGTAATCA-1","10"
"CTACATTCACTTTATC-1","4"
"CTACATTGTATCGCTA-1","5"
"CTACCCAGTTCTCTAT-1","7"
"CTACCTGCACAAGCCC-1","0"
"CTACCTGGTAGGTTTC-1","11"
"CTACCTGTCAAACGTC-1","1"
"CTACTATCACTGGACC-1","0"
"CTACTATGTCGTTTCC-1","3"
"CTAGACACAACAAAGT-1","11"
"CTAGACACACGGTAGA-1","1"
"CTAGACACATCATGAC-1","2"
"CTAGACACATTGGGAG-1","1"
"CTAGACAGTACCTAAC-1","0"
"CTAGACAGTATCGTGT-1","8"
"CTAGACATCAACTCTT-1","3"
"CTAGGTATCATACGGT-1","10"
"CTATAGGAGAACAGGA-1","3"
"CTATAGGGTATAGGAT-1","8"
"CTATAGGTCAAGTTGC-1","2"
"CTATAGGTCTGACCCT-1","2"
"CTATAGGTCTTGAGCA-1","10"
"CTATCCGAGAGCATTA-1","2"
"CTATCCGCACGACTAT-1","8"
"CTATCCGGTGCTTCAA-1","9"
"CTATCTAAGAAATTCG-1","9"
"CTATCTACAAGTGTCT-1","3"
"CTATCTAGTGACATCT-1","10"
"CTATCTATCTGGTGGC-1","1"
"CTCAACCAGTGGCGAT-1","3"
"CTCAACCCAGTAGTGG-1","1"
"CTCAAGATCACTGTCC-1","6"
"CTCAAGATCCGCTTAC-1","5"
"CTCAAGATCGACCACG-1","6"
"CTCAAGATCTGGAGAG-1","0"
"CTCAATTAGAAGAGCA-1","6"
"CTCAATTGTGTTGAGG-1","8"
"CTCACTGCATAATGCC-1","6"
"CTCACTGGTGAGTTGG-1","10"
"CTCAGAAAGAGTATAC-1","1"
"CTCAGAAAGATTAGAC-1","1"
"CTCAGAAAGTTACGAA-1","1"
"CTCAGAAAGTTCCAGT-1","8"
"CTCAGAAGTGCTTCAA-1","7"
"CTCAGAATCGGCTCTT-1","8"
"CTCAGGGAGCAAGTGC-1","7"
"CTCAGGGCACAAGTGG-1","2"
"CTCAGGGGTACGCTTA-1","7"
"CTCAGGGGTGCGTTTA-1","10"
"CTCAGGGTCACATTGG-1","3"
"CTCAGTCAGGCTGTAG-1","3"
"CTCAGTCCATCACAGT-1","9"
"CTCAGTCTCCCATTCG-1","3"
"CTCATCGGTCTTGCTC-1","5"
"CTCATGCGTCGCAACC-1","6"
"CTCATGCGTTATCTTC-1","3"
"CTCATGCTCCCTTCCC-1","10"
"CTCATTACATACAGCT-1","9"
"CTCATTACATCTAGAC-1","6"
"CTCCAACAGCAAGGAA-1","3"
"CTCCAACAGTACCGGA-1","5"
"CTCCAACGTGGCGCTT-1","5"
"CTCCAACGTTGCGAAG-1","2"
"CTCCAACGTTTCGGCG-1","7"
"CTCCACAAGGTAGCAC-1","7"
"CTCCACAAGTTCCTGA-1","3"
"CTCCACAGTGAATAAC-1","4"
"CTCCATGAGATACCAA-1","3"
"CTCCATGCAAGGAGTC-1","1"
"CTCCATGCACACACGC-1","1"
"CTCCATGGTGAGATCG-1","10"
"CTCCATGTCCGTGTCT-1","4"
"CTCCCAACAAGTTGGG-1","2"
"CTCCCAACATGGAATA-1","4"
"CTCCCAAGTCCCGTGA-1","0"
"CTCCCAATCCACAGGC-1","5"
"CTCCCTCAGACACACG-1","5"
"CTCCCTCTCCAACTGA-1","4"
"CTCCGATCACTGTCCT-1","0"
"CTCCGATTCCTTGACC-1","7"
"CTCCTCCCAGCCCAGT-1","6"
"CTCCTCCGTATGTCTG-1","2"
"CTCCTCCTCGCGCCAA-1","1"
"CTCCTCCTCTGATGGT-1","7"
"CTCCTTTGTGTTAACC-1","2"
"CTCCTTTTCATCGCTC-1","1"
"CTCCTTTTCTAGGCAT-1","1"
"CTCGAGGCAAGTCCCG-1","4"
"CTCGAGGCACGACAAG-1","0"
"CTCGAGGTCCACGAAT-1","9"
"CTCTCAGAGGTTCACT-1","2"
"CTCTCAGAGTAAATGC-1","3"
"CTCTCAGCAATGGCAG-1","0"
"CTCTCAGGTATACGGG-1","3"
"CTCTCAGGTATCGTGT-1","1"
"CTCTCGAAGACCACGA-1","7"
"CTCTCGACAATTGAGA-1","0"
"CTCTCGATCTAAGGAA-1","10"
"CTCTGGTCATCTCAAG-1","4"
"CTCTGGTCATGCCGGT-1","6"
"CTCTGGTGTATGTCAC-1","3"
"CTCTGGTTCATAGGCT-1","3"
"CTGAATGAGGGACACT-1","3"
"CTGAATGAGTAAACAC-1","11"
"CTGAATGGTTACGCCG-1","3"
"CTGAATGTCTCGGCTT-1","3"
"CTGAATGTCTGGTCAA-1","6"
"CTGAGCGAGGTTGTTC-1","5"
"CTGAGCGAGTGATGGC-1","3"
"CTGAGCGCAGAAGCTG-1","6"
"CTGAGCGGTGTCCACG-1","6"
"CTGAGGCGTGATTAGA-1","6"
"CTGATCCAGAGCCCAA-1","2"
"CTGATCCGTGTTCAGT-1","2"
"CTGCAGGAGTTTCGGT-1","5"
"CTGCAGGGTCAAGTTC-1","4"
"CTGCATCCAACTTGGT-1","3"
"CTGCATCTCCGAGTGC-1","0"
"CTGCATCTCTAGCAAC-1","8"
"CTGCATCTCTCCCTAG-1","3"
"CTGCCATGTGGCTAGA-1","0"
"CTGCCATTCGAGAATA-1","10"
"CTGCCTAAGGTATAGT-1","1"
"CTGCCTAAGTATTGCC-1","8"
"CTGCCTACAATGTTGC-1","11"
"CTGCCTACAGACCATT-1","2"
"CTGCGAGTCTGCGGAC-1","1"
"CTGCTCAGTCAGACTT-1","1"
"CTGCTCAGTCAGTCGC-1","3"
"CTGCTCAGTGGCAACA-1","4"
"CTGCTCAGTGTGGTCC-1","1"
"CTGCTCATCCACCCTA-1","7"
"CTGGACGAGCTACTAC-1","4"
"CTGGACGCACCCTAAA-1","3"
"CTGGACGCATCATGAC-1","6"
"CTGGACGTCATTTACC-1","6"
"CTGGCAGGTATCGCGC-1","5"
"CTGGTCTAGTGCTACT-1","0"
"CTGGTCTGTTACTCAG-1","2"
"CTGGTCTTCACTGATG-1","9"
"CTGTACCCAAATACAG-1","7"
"CTGTACCCATCTAGAC-1","2"
"CTGTAGACAACTGATC-1","6"
"CTGTAGATCGAGAAGC-1","9"
"CTGTAGATCTGACAGT-1","1"
"CTGTATTAGCTCGTGC-1","11"
"CTGTCGTAGCCGCTTG-1","3"
"CTGTCGTCACACTGGC-1","10"
"CTGTCGTGTTATCTGG-1","5"
"CTGTCGTTCGTGTCAA-1","1"
"CTGTGAAGTTTACACG-1","6"
"CTGTGAAGTTTGAACC-1","4"
"CTGTGGGAGAAATCCA-1","2"
"CTGTGGGAGATAGTCA-1","0"
"CTGTGGGAGCATCTTG-1","2"
"CTGTGGGCACAGAAGC-1","5"
"CTGTGGGCAGTCGGAA-1","4"
"CTGTGGGTCATCCTGC-1","3"
"CTTACCGCAACTCGTA-1","0"
"CTTACCGCAGCCATTA-1","3"
"CTTACCGGTCCGGACT-1","7"
"CTTACCGGTGTTGAGG-1","3"
"CTTACCGTCTTCTTCC-1","2"
"CTTAGGACAGTCCCGA-1","7"
"CTTAGGACAGTGTGCC-1","5"
"CTTCAATCAACGGCCT-1","7"
"CTTCAATCAGAGCGTA-1","0"
"CTTCAATCATGGCTAT-1","9"
"CTTCCGAAGAAGCTGC-1","0"
"CTTCCGACACGACTAT-1","1"
"CTTCCTTAGGATAATC-1","2"
"CTTCCTTTCGACCTAA-1","2"
"CTTCGGTAGAGAGCAA-1","2"
"CTTCGGTAGATAGTCA-1","2"
"CTTCGGTGTGCAACGA-1","1"
"CTTCGGTGTGTTCGAT-1","3"
"CTTCGGTGTTTGTGGT-1","7"
"CTTCGGTTCCCATGGG-1","0"
"CTTCTAAAGGCATTTC-1","8"
"CTTCTAAGTGTGTTTG-1","1"
"CTTCTCTAGCCTCAAT-1","0"
"CTTCTCTCAAGTGACG-1","1"
"CTTCTCTCATGAGATA-1","7"
"CTTCTCTTCGAACGCC-1","1"
"CTTGAGACAACGTATC-1","1"
"CTTGAGACACATAGCT-1","7"
"CTTGAGACATAACAGA-1","5"
"CTTGAGACATGAGGGT-1","10"
"CTTGAGATCTGAATCG-1","6"
"CTTGATTAGAGAGAAC-1","2"
"CTTTCAAAGGTTATAG-1","5"
"CTTTCAACAATAGTGA-1","11"
"CTTTCGGGTAGCCAGA-1","9"
"GAAACCTTCCAATGCA-1","0"
"GAAACCTTCCGTATGA-1","8"
"GAAATGACAAGAGTAT-1","1"
"GAAATGATCGTAGCTA-1","2"
"GAAATGATCTACACTT-1","7"
"GAACACTAGCTCGACC-1","0"
"GAACACTGTGTAAATG-1","5"
"GAACGTTCACCAATTG-1","2"
"GAACGTTCAGCTTTGA-1","4"
"GAACGTTCATAACAGA-1","1"
"GAACGTTTCACCTTGC-1","7"
"GAACGTTTCCTGGGTG-1","9"
"GAACTGTCATGCACTA-1","1"
"GAACTGTTCGCTAGCG-1","5"
"GAAGAATGTACGACTT-1","10"
"GAAGAATTCAGCGCGT-1","2"
"GAAGCCCAGCCGATCC-1","6"
"GAAGCCCTCTGAGATC-1","8"
"GAAGCGACATCACGGC-1","3"
"GAAGCGAGTGCCCAGT-1","6"
"GAAGGACGTTTGACAC-1","8"
"GAAGGACTCAGCTCTC-1","2"
"GAAGGGTTCTCGTCGT-1","5"
"GAAGTAACAAGACGGT-1","2"
"GAAGTAACACGCTTAA-1","4"
"GAATAGATCTCCGATC-1","8"
"GAATCACAGTAGGATT-1","3"
"GAATCACGTCACTAGT-1","2"
"GAATCACGTGTTCAGT-1","1"
"GAATCACTCAAGGTGG-1","0"
"GAATCGTAGCGAGTCA-1","6"
"GAATCGTGTCTGATCA-1","5"
"GACACGCAGCCTCCAG-1","3"
"GACACGCAGGCTGGAT-1","1"
"GACACGCGTGTATCCA-1","3"
"GACAGCCAGGTGCTAG-1","7"
"GACAGCCCAGACCAAG-1","11"
"GACAGCCCAGATCATC-1","3"
"GACAGCCGTATTGCCA-1","0"
"GACAGCCTCGTTCCTG-1","2"
"GACATCAGTCCGAAGA-1","0"
"GACATCAGTGCGTCGT-1","0"
"GACATCAGTTAGTTCG-1","0"
"GACATCATCCAGTGTA-1","4"
"GACATCATCGATTTCT-1","4"
"GACCAATTCACGGACC-1","0"
"GACCAATTCAGAGCAG-1","1"
"GACCCAGCACCGTGCA-1","0"
"GACCCAGCAGCCGTCA-1","6"
"GACCCAGTCACCATCC-1","4"
"GACCCTTAGTCGAAAT-1","2"
"GACCCTTCATAAGCAA-1","11"
"GACCCTTTCCTTCGAC-1","4"
"GACCGTGAGTTGCATC-1","2"
"GACCGTGTCAGCTTCC-1","7"
"GACCTTCCAACGTATC-1","7"
"GACCTTCTCGATAACC-1","6"
"GACGCTGGTATGAAAC-1","0"
"GACGCTGGTTAAAGTG-1","4"
"GACGTTAAGGTGATCG-1","1"
"GACGTTACACCAGACC-1","2"
"GACGTTATCCTTGAAG-1","6"
"GACGTTATCGTAACTG-1","0"
"GACGTTATCGTGGCTG-1","1"
"GACTATGAGACATCCT-1","3"
"GACTATGGTCCATACA-1","5"
"GACTCAAAGTAATACG-1","9"
"GACTCAAAGTCGGCAA-1","2"
"GACTCAACACTGGCGT-1","4"
"GACTCAAGTATGGTTC-1","6"
"GACTCAAGTCGGTACC-1","3"
"GACTCAAGTGATAGTA-1","0"
"GACTCTCGTAACATAG-1","11"
"GACTGATCAGACCATT-1","4"
"GACTGATGTTGCGTAT-1","2"
"GACTGATTCCGGCTTT-1","7"
"GACTTCCTCACATCAG-1","0"
"GACTTCCTCAGAGCAG-1","5"
"GAGAAATTCAATGCAC-1","0"
"GAGAAATTCCACCTGT-1","9"
"GAGAAATTCCTTTGAT-1","5"
"GAGACCCAGTTCACTG-1","9"
"GAGACCCTCGGCTTCT-1","2"
"GAGACTTAGGGATCGT-1","2"
"GAGACTTGTGTCCACG-1","5"
"GAGACTTGTTGACTGT-1","3"
"GAGAGGTAGTCGAATA-1","4"
"GAGAGGTCACTAGTAC-1","1"
"GAGAGGTCAGAATCGG-1","2"
"GAGAGGTCAGGCGATA-1","4"
"GAGAGGTGTGGGATTG-1","3"
"GAGAGGTTCCTACTGC-1","0"
"GAGAGGTTCTCCCTAG-1","0"
"GAGATGGCAGTCAACT-1","11"
"GAGATGGCATACAGGG-1","1"
"GAGATGGGTATCTCGA-1","5"
"GAGATGGTCCTTATAC-1","10"
"GAGCCTGAGGGAGGTG-1","5"
"GAGCCTGAGTCCCGAC-1","2"
"GAGCCTGGTACCTATG-1","4"
"GAGCCTGGTGGTTTAC-1","6"
"GAGCTGCAGCGTTACT-1","0"
"GAGCTGCCACGCTTAA-1","8"
"GAGGCAAAGATTAGTG-1","4"
"GAGGCAAAGGAACGCT-1","7"
"GAGGCAAGTTACAGCT-1","0"
"GAGGGATCAGCTCTGG-1","0"
"GAGGGATGTGCTGTCG-1","11"
"GAGGGATTCCTTATGT-1","2"
"GAGGGTAAGGTCGTAG-1","0"
"GAGGGTATCCAACCGG-1","5"
"GAGTCATGTCCACATA-1","1"
"GAGTCTAAGTAAACAC-1","5"
"GAGTCTAAGTTGGCGA-1","9"
"GAGTGAGGTAGCGTCC-1","7"
"GAGTGAGGTTACCCAA-1","1"
"GAGTGTTAGTAAGACT-1","0"
"GAGTGTTGTGCATTTG-1","0"
"GAGTGTTGTGGTAACG-1","11"
"GAGTGTTTCAAGATAG-1","9"
"GAGTGTTTCAGACAAA-1","3"
"GAGTGTTTCATTGTGG-1","6"
"GAGTTACAGCCGATCC-1","4"
"GAGTTACCAGAGGCAT-1","2"
"GAGTTACCATACAGAA-1","3"
"GAGTTACCATACCATG-1","11"
"GAGTTACTCGAGAATA-1","3"
"GAGTTGTCAAGTGGGT-1","0"
"GAGTTGTGTGAACTAA-1","2"
"GAGTTGTTCGGTAGAG-1","9"
"GATAGAAAGCACTTTG-1","0"
"GATAGAACACAACCGC-1","0"
"GATAGAAGTGGTATGG-1","3"
"GATAGCTAGGTACAGC-1","1"
"GATAGCTGTCAATGGG-1","2"
"GATAGCTGTGGCTCTG-1","2"
"GATAGCTTCATGCGGC-1","7"
"GATCACACAAGCCATT-1","1"
"GATCACATCAGCGCAC-1","4"
"GATCACATCCAACTGA-1","5"
"GATCATGAGTCTAGCT-1","5"
"GATCATGCAAGTATCC-1","0"
"GATCATGCACACACTA-1","2"
"GATCATGGTAACGCGA-1","1"
"GATCCCTGTAGAGGAA-1","10"
"GATCCCTTCTCGACCT-1","4"
"GATGACTGTGAACTAA-1","7"
"GATGAGGCATGAGGGT-1","6"
"GATGATCAGCTCGCAC-1","1"
"GATGATCCACTATCCC-1","3"
"GATGCTAAGCAGCACA-1","2"
"GATGCTAGTTTCTATC-1","3"
"GATGGAGCACCGTCTT-1","6"
"GATGGAGCACGGTAGA-1","0"
"GATGGAGTCGTTGTGA-1","1"
"GATGTTGAGCAGGCTA-1","6"
"GATGTTGAGTGCACAG-1","3"
"GATGTTGTCGACCCAG-1","8"
"GATTCGAAGCAACTCT-1","3"
"GATTCGAAGCTACAAA-1","0"
"GATTCTTCAACAGTGG-1","11"
"GATTCTTTCATTACCT-1","0"
"GATTCTTTCTAGACAC-1","5"
"GATTGGTAGGCACTCC-1","4"
"GATTGGTCACTTGTCC-1","1"
"GATTGGTCAGCCCAGT-1","3"
"GATTGGTCAGGCATTT-1","11"
"GATTGGTTCGAGTGAG-1","2"
"GATTTCTCAACCGGAA-1","3"
"GATTTCTGTTGGGATG-1","4"
"GCAACATGTCAAAGTA-1","3"
"GCAACATTCGGAGTGA-1","1"
"GCAACCGCATTCAGCA-1","8"
"GCAACCGGTCACTCAA-1","6"
"GCAACCGGTGGCATCC-1","7"
"GCAACCGGTTAGAAAC-1","5"
"GCAACCGGTTGGTACT-1","2"
"GCAACCGTCTTAGGAC-1","9"
"GCACATACAACCACGC-1","0"
"GCACATACAAGTGGTG-1","3"
"GCACATATCACTCCGT-1","8"
"GCACATATCGCCGTGA-1","0"
"GCACGGTTCCGATAGT-1","9"
"GCACGGTTCGCAGATT-1","4"
"GCACGTGGTTCCAGGC-1","0"
"GCACGTGTCACTTGTT-1","0"
"GCACGTGTCTCGGCTT-1","0"
"GCACTAATCTATCGCC-1","11"
"GCAGCCACATGAGTAA-1","3"
"GCAGCCAGTAGTGTGG-1","1"
"GCAGCCAGTCCAGCCA-1","6"
"GCAGCCAGTGGCACTC-1","0"
"GCAGCCATCTCCGAAA-1","5"
"GCAGCTGAGACATGCG-1","0"
"GCAGCTGAGCAGCACA-1","11"
"GCAGCTGTCTCGTGAA-1","3"
"GCAGGCTGTCAAAGAT-1","8"
"GCAGTTAGTAGAATAC-1","11"
"GCATCGGCAGAAATCA-1","0"
"GCATCGGCAGAACTTC-1","6"
"GCATCGGGTGCAAGAC-1","1"
"GCATCGGGTTCCCAAA-1","4"
"GCATCTCCACTTTATC-1","1"
"GCATCTCGTTAAGAAC-1","2"
"GCATCTCTCGGTGCAC-1","8"
"GCATGATGTATCGTAC-1","2"
"GCATGATGTCGCATTA-1","0"
"GCATTAGTCTACGGTA-1","3"
"GCCAACGAGCAGGCAT-1","1"
"GCCAACGAGGGCGAGA-1","7"
"GCCAACGCAATTCTTC-1","8"
"GCCAACGCAATTGCCA-1","7"
"GCCAACGTCTTAGCCC-1","7"
"GCCAGCACAAAGACTA-1","2"
"GCCAGCACAAGTGGCA-1","0"
"GCCAGCACATCAGTGT-1","4"
"GCCAGCAGTATCGCGC-1","10"
"GCCAGCAGTTCCACAA-1","8"
"GCCAGCATCCGGTAGC-1","9"
"GCCAGCATCTCTGGTC-1","2"
"GCCAGCATCTTCGGAA-1","0"
"GCCAGGTCACGTAACT-1","1"
"GCCAGGTTCTTGTTAC-1","7"
"GCCAGTGAGGATGCGT-1","0"
"GCCAGTGCAACCGACC-1","0"
"GCCAGTGCAAGACGAC-1","3"
"GCCAGTGCACTCCGGA-1","2"
"GCCAGTGGTATTTCTC-1","7"
"GCCATGGCAGATCCAT-1","0"
"GCCATGGGTACCAGAG-1","11"
"GCCATGGGTGTAGGAC-1","0"
"GCCATTCCAACTGTGT-1","2"
"GCCATTCGTGGACAGT-1","3"
"GCCCAGACAGCGCGTT-1","6"
"GCCCAGAGTAATCAGA-1","2"
"GCCCAGATCGTGTGAT-1","2"
"GCCCGAACAAGTTGGG-1","7"
"GCCCGAACAGACCCGT-1","7"
"GCCCGAAGTAACATCC-1","0"
"GCCCGAATCCCTCGAT-1","5"
"GCCGATGCATACGCAT-1","11"
"GCCGATGTCTGTCCCA-1","0"
"GCCGTGAAGGCCTGAA-1","6"
"GCCGTGATCACCATGA-1","4"
"GCCTGTTCATTGAAGA-1","1"
"GCCTGTTGTGCAATAA-1","0"
"GCCTGTTGTTATAGAG-1","0"
"GCCTGTTTCGGTGTTA-1","2"
"GCCTGTTTCTCTCAAT-1","4"
"GCGAGAACATGAAAGT-1","0"
"GCGAGAAGTTGTTTGG-1","1"
"GCGAGAATCCTCTCTT-1","2"
"GCGAGAATCGGACTGC-1","5"
"GCGATCGAGTCTGCAT-1","10"
"GCGATCGGTGGCTGCT-1","3"
"GCGATCGTCCCGTAAA-1","4"
"GCGGAAAAGGGATGTC-1","0"
"GCGGAAATCATCGCTC-1","10"
"GCGGAAATCATGGTAC-1","1"
"GCGGATCAGGGTGAGG-1","6"
"GCGGATCCACCTGATA-1","3"
"GCGGATCTCGCAACAT-1","3"
"GCGGATCTCTAGCAAC-1","5"
"GCGTGCAAGGAAAGGT-1","2"
"GCGTGCACACCAAATC-1","10"
"GCGTTTCAGCATCTTG-1","11"
"GCGTTTCCAATTCTCT-1","3"
"GCGTTTCCATCCTAAG-1","0"
"GCGTTTCCATTCGGGC-1","8"
"GCGTTTCTCCTATTTG-1","0"
"GCTACAACACTTCAGA-1","6"
"GCTACAACAGCCGTTG-1","6"
"GCTACAACATAAGCGG-1","2"
"GCTACAATCATTTGCT-1","5"
"GCTACCTAGACGAGCT-1","3"
"GCTACCTAGCGACTGA-1","6"
"GCTACCTAGGACTTCT-1","2"
"GCTACCTCAGCTGTAT-1","5"
"GCTACCTGTCACATTG-1","0"
"GCTACCTGTCTTGTCC-1","4"
"GCTGAATCAGCGTTTA-1","3"
"GCTGAATGTCTTGAGT-1","3"
"GCTGAATGTGAGATTA-1","0"
"GCTGCAGAGGCTCTAT-1","11"
"GCTGCAGCAGGTGACA-1","2"
"GCTGCAGGTGCTTATG-1","7"
"GCTGGGTAGATCGCTT-1","11"
"GCTGGGTTCGTCACCT-1","4"
"GCTTCACGTCGTCGGT-1","5"
"GCTTCACGTTCGGCTG-1","0"
"GCTTCACTCACCGGTG-1","3"
"GCTTCACTCCAAGCTA-1","9"
"GCTTCACTCCTAGCGG-1","7"
"GCTTGGGAGGCAGTCA-1","0"
"GCTTGGGTCAAGGTGG-1","0"
"GCTTGGGTCACGGGAA-1","10"
"GCTTTCGGTATTTCGG-1","4"
"GGAATCTCAGTGTACT-1","0"
"GGAATCTGTACGCTAT-1","5"
"GGAATCTGTCAAAGTA-1","6"
"GGAATCTGTTCCAAAC-1","1"
"GGAATGGCAGCCGTTG-1","0"
"GGAATGGCAGCGTGAA-1","1"
"GGAATGGGTCGGCTAC-1","2"
"GGACGTCAGGATAATC-1","2"
"GGACGTCGTAGGTCAG-1","7"
"GGACGTCTCAGACCTA-1","3"
"GGACGTCTCATGCCCT-1","0"
"GGACGTCTCGGTGAAG-1","10"
"GGAGAACAGTGAGGCT-1","7"
"GGAGAACGTCTCAGAT-1","2"
"GGAGATGAGATGCTGG-1","9"
"GGAGATGAGTTTCTTC-1","9"
"GGAGATGCACCAGACC-1","3"
"GGAGATGCACCGTGAC-1","4"
"GGAGATGCATGACAGG-1","0"
"GGAGATGGTAATCAAG-1","11"
"GGAGATGGTTCACCGG-1","4"
"GGAGCAAAGACCTTTG-1","0"
"GGAGCAACACAATGAA-1","8"
"GGAGGATCAACCGCCA-1","0"
"GGAGGATCAACCTAAC-1","9"
"GGAGGATCACAATGAA-1","2"
"GGAGGATGTAGCGCCT-1","3"
"GGAGGTAAGTTGTACC-1","7"
"GGAGGTATCGTCAAAC-1","5"
"GGATCTAAGCCTTCTC-1","5"
"GGATCTAAGTGAACAT-1","6"
"GGATCTAGTCATAAAG-1","1"
"GGATCTATCATTCGGA-1","0"
"GGATCTATCCTAACAG-1","0"
"GGATGTTGTTTGACAC-1","11"
"GGCACGTAGACGTCGA-1","11"
"GGCACGTAGGCCTTCG-1","0"
"GGCACGTGTCCACTTC-1","6"
"GGCACGTGTTAGAAAC-1","6"
"GGCACGTTCCGTATGA-1","5"
"GGCAGTCAGATGCTAA-1","1"
"GGCAGTCGTAGCGCTC-1","1"
"GGCAGTCGTCATGCAT-1","0"
"GGCGTCAAGATACTGA-1","9"
"GGCGTCAAGCCTCATA-1","3"
"GGCGTCAAGCGTTGTT-1","3"
"GGCGTCAGTAGGAGGG-1","2"
"GGCGTCAGTCCAAGAG-1","3"
"GGCGTCAGTGTCATGT-1","5"
"GGCTGTGGTCGTATTG-1","5"
"GGCTGTGTCCTAAGTG-1","1"
"GGCTTGGAGGTAAACT-1","3"
"GGCTTGGCAACTAGAA-1","0"
"GGCTTGGCAAGTCGTT-1","0"
"GGCTTGGCAGCTGGTC-1","8"
"GGCTTTCAGAGTGTTA-1","11"
"GGCTTTCCAGTCAGCC-1","4"
"GGCTTTCGTGAGGCAT-1","5"
"GGGAAGTAGACTAGAT-1","5"
"GGGAAGTAGTCCTACA-1","2"
"GGGAAGTCATTGAGGG-1","1"
"GGGAAGTGTTCGGGTC-1","1"
"GGGAAGTGTTGTATGC-1","3"
"GGGAAGTTCTCATTTG-1","5"
"GGGACAAGTTGCCATA-1","4"
"GGGACAATCTGTGCAA-1","1"
"GGGACCTAGCCATATC-1","0"
"GGGACCTGTAAGTAGT-1","9"
"GGGACCTTCTACCTTA-1","3"
"GGGACCTTCTTCTGGC-1","9"
"GGGACTCGTAGTCCTA-1","4"
"GGGAGATCAGATAAAC-1","2"
"GGGAGATTCAAATAGG-1","10"
"GGGAGATTCTCTATAC-1","2"
"GGGAGTAAGGTACAAT-1","2"
"GGGAGTAGTAACATCC-1","6"
"GGGAGTAGTACCTTCC-1","0"
"GGGAGTAGTTCGGTAT-1","4"
"GGGAGTATCTAACGCA-1","7"
"GGGATCCAGCCAGTAG-1","7"
"GGGATCCGTGCCCGTA-1","6"
"GGGATCCTCCTTGGAA-1","5"
"GGGATGAGTACAGGTG-1","6"
"GGGATGAGTGCGAGTA-1","1"
"GGGCCATCATCAGTCA-1","1"
"GGGCCATGTTGGACCC-1","6"
"GGGCGTTAGGTAAACT-1","11"
"GGGCGTTCACTTCAGA-1","10"
"GGGCGTTGTTGGCCTG-1","0"
"GGGCGTTTCAATGCAC-1","2"
"GGGCGTTTCCAACCAA-1","1"
"GGGCTACCAAAGTGTA-1","0"
"GGGCTACTCTACACAG-1","0"
"GGGCTACTCTGCCTGT-1","0"
"GGGCTCAAGTCTTGGT-1","11"
"GGGCTCAGTACAATAG-1","1"
"GGGCTCATCGACGCGT-1","10"
"GGGTAGAAGTCTAGCT-1","6"
"GGGTATTAGCTGAAAT-1","7"
"GGGTATTAGTGCACCC-1","2"
"GGGTATTCAAGCACAG-1","5"
"GGGTATTCAGGTTACT-1","1"
"GGGTATTGTAAGTTGA-1","7"
"GGGTCACAGCGCATCC-1","1"
"GGGTCTGCAGCTATAC-1","0"
"GGGTCTGGTGTAGCAG-1","7"
"GGGTCTGTCTCTGAGA-1","0"
"GGGTGAAAGCGAGTAC-1","0"
"GGGTGAATCCAATCTT-1","4"
"GGGTGAATCCATCTAT-1","7"
"GGGTGTCGTACGATCT-1","0"
"GGGTGTCGTCAAGTTC-1","6"
"GGGTGTCTCCTCATAT-1","4"
"GGGTTATAGCCTCTGG-1","6"
"GGGTTATTCAATCTCT-1","2"
"GGGTTATTCATACGGT-1","1"
"GGGTTTACAAGAGTAT-1","0"
"GGTAACTAGGCGAAGG-1","1"
"GGTAACTCAATCCTAG-1","0"
"GGTAATCGTACCCGAC-1","1"
"GGTAATCGTCCACTTC-1","4"
"GGTAATCGTTAACCTG-1","1"
"GGTAATCGTTGGTAGG-1","8"
"GGTAGAGCAGAACTAA-1","7"
"GGTAGAGGTCTCAAGT-1","2"
"GGTAGAGTCAATCGGT-1","6"
"GGTCTGGAGGGCAGAG-1","4"
"GGTCTGGCATGGACAG-1","6"
"GGTCTGGGTCGCAACC-1","6"
"GGTCTGGTCCTAAACG-1","0"
"GGTCTGGTCTTTCGAT-1","4"
"GGTGAAGAGCTAGTTC-1","2"
"GGTGAAGAGGTCTGGA-1","9"
"GGTGAAGGTGTGAATA-1","0"
"GGTGAAGTCGCCAATA-1","7"
"GGTGAAGTCGTGTCAA-1","0"
"GGTGAAGTCTCGCGTT-1","11"
"GGTGATTAGGAAGTAG-1","3"
"GGTGATTCAAGAGATT-1","4"
"GGTGATTCACGCGCAT-1","2"
"GGTGATTCAGAGTGTG-1","0"
"GGTGATTTCTCATAGG-1","7"
"GGTGATTTCTCTCCGA-1","1"
"GGTGGCTAGTTGCGAG-1","4"
"GGTGGCTGTCATCTAG-1","1"
"GGTGTCGCACTGAATC-1","5"
"GGTGTCGCAGACACAG-1","3"
"GGTGTCGGTGTCCCTT-1","3"
"GGTGTTAAGTAGGATT-1","0"
"GGTTAACTCATTCCTA-1","3"
"GGTTCTCGTACAAAGT-1","5"
"GGTTCTCGTCAAGCGA-1","1"
"GGTTCTCTCGCTTGCT-1","6"
"GGTTGTAAGTTGTCGT-1","1"
"GGTTGTATCATTGAGC-1","2"
"GGTTGTATCGCCATAA-1","6"
"GTAACACAGCAACTTC-1","1"
"GTAACACAGTCCCTAA-1","6"
"GTAACCAAGATGACCG-1","6"
"GTAACCATCGCCGATG-1","5"
"GTAACCATCTCAACCC-1","1"
"GTAAGTCCAATTGCTG-1","2"
"GTAAGTCCATACTGAC-1","0"
"GTAATCGGTTCATCTT-1","4"
"GTAATCGGTTGCAAGG-1","2"
"GTAATGCAGAAACTCA-1","2"
"GTAATGCCACCAGACC-1","6"
"GTAATGCCACCCTCTA-1","0"
"GTAATGCGTATTGACC-1","3"
"GTACAACAGCTAAACA-1","0"
"GTACAACAGGATTCCT-1","3"
"GTACAACCATCCGGCA-1","8"
"GTACAACTCTCATAGG-1","1"
"GTACAGTAGACTACCT-1","3"
"GTACAGTAGTGGTTGG-1","0"
"GTACAGTCACCCAACG-1","10"
"GTAGAAAAGAGCTGAC-1","0"
"GTAGAAATCTTGCGCT-1","1"
"GTAGAGGAGGATTTAG-1","0"
"GTAGAGGTCACCATCC-1","1"
"GTAGATCCACTCTAGA-1","7"
"GTAGATCGTACGATTC-1","0"
"GTAGATCTCACACCGG-1","4"
"GTAGCTAAGCGTATGG-1","9"
"GTAGCTAGTAGAGATT-1","1"
"GTAGCTATCCTACCAC-1","7"
"GTAGGAGCACTCACTC-1","2"
"GTAGGAGTCATGAGAA-1","3"
"GTAGGTTCAGAACCGA-1","5"
"GTAGGTTGTACTAACC-1","9"
"GTAGGTTGTGTCATCA-1","0"
"GTAGTACGTCTGTGCG-1","3"
"GTAGTACTCGCGTGCA-1","3"
"GTAGTACTCTAGACAC-1","2"
"GTATTGGAGTCCCAAT-1","4"
"GTATTGGCAATTAGGA-1","1"
"GTATTGGCAGATCCAT-1","10"
"GTATTTCAGCTGGCCT-1","4"
"GTATTTCAGGTTCATC-1","1"
"GTATTTCAGTAGTCAA-1","0"
"GTATTTCTCATGAGGG-1","2"
"GTCAAACCACCCAATA-1","0"
"GTCAAACCAGCGTGAA-1","1"
"GTCAAACGTAATTAGG-1","5"
"GTCAAGTGTAGGCAAC-1","5"
"GTCAAGTTCGCCGTGA-1","4"
"GTCACGGAGGCTGGAT-1","1"
"GTCACGGAGGTTTACC-1","1"
"GTCACGGGTGTATTCG-1","3"
"GTCACGGGTTGGATCT-1","1"
"GTCACTCTCTCCACTG-1","2"
"GTCAGCGAGCTAAGTA-1","3"
"GTCAGCGGTAGGAGTC-1","2"
"GTCATCCAGGAAAGTG-1","0"
"GTCATCCCACTCCGGA-1","0"
"GTCATCCCATGCACTA-1","7"
"GTCATCCGTGGATCGA-1","6"
"GTCATCCGTTTGACAC-1","9"
"GTCATGAGTTACCCAA-1","6"
"GTCATTTTCATTACCT-1","7"
"GTCCACTCACCTTCGT-1","8"
"GTCCACTGTGACTCGC-1","1"
"GTCCCATTCCTTGGAA-1","8"
"GTCCTCACAACTGGTT-1","5"
"GTCCTCATCACCTCAC-1","2"
"GTCCTCATCCTTATCA-1","5"
"GTCCTCATCGTTCATT-1","2"
"GTCGAATAGCTTAGTC-1","4"
"GTCGCGACACTTTAGG-1","11"
"GTCGTAAAGCTCTGTA-1","0"
"GTCGTTCTCTGAGAAA-1","9"
"GTCTACCAGACCAGAC-1","1"
"GTCTACCCAAGTGCTT-1","0"
"GTCTACCCACCGCTAG-1","6"
"GTCTACCCACTCCTTG-1","0"
"GTCTACCCATCCTATT-1","1"
"GTCTACCGTCAGTTTG-1","0"
"GTCTAGAGTTATGGTC-1","4"
"GTCTCACCACACGGTC-1","5"
"GTCTCACGTTTAGTCG-1","9"
"GTCTGTCCAAGACCGA-1","0"
"GTCTGTCCATGTCTAG-1","1"
"GTCTGTCGTGCCTGAC-1","4"
"GTCTGTCTCTAACGCA-1","1"
"GTCTTTAAGGTAATCA-1","0"
"GTCTTTAAGTTCATCG-1","11"
"GTCTTTAGTTTCGACA-1","6"
"GTGACGCAGAACAGGA-1","0"
"GTGACGCAGGCTTAGG-1","0"
"GTGACGCCAATCTCTT-1","2"
"GTGACGCTCCATCTCG-1","7"
"GTGACGCTCGCTTACC-1","9"
"GTGAGCCGTACGAGTG-1","3"
"GTGAGCCGTAGCTGCC-1","2"
"GTGAGCCGTTTGACAC-1","0"
"GTGAGCCTCTGGACCG-1","3"
"GTGAGGATCCATTCAT-1","0"
"GTGAGGATCGTAATGC-1","10"
"GTGAGTTAGTTACTCG-1","3"
"GTGAGTTGTAATGCGG-1","0"
"GTGAGTTGTCGCTTAA-1","7"
"GTGAGTTGTCGTCGGT-1","0"
"GTGAGTTGTGAGTCAG-1","0"
"GTGAGTTTCAGTCACA-1","2"
"GTGAGTTTCCATCGTC-1","5"
"GTGAGTTTCCATTCGC-1","11"
"GTGAGTTTCGCCCAGA-1","6"
"GTGATGTAGTTAACAG-1","7"
"GTGATGTCAGGGAGAG-1","2"
"GTGATGTTCTTTCCGG-1","4"
"GTGCAGCAGCTGGAGT-1","5"
"GTGCAGCCACACGCCA-1","2"
"GTGCAGCCAGACCAGA-1","0"
"GTGCAGCCAGACCGCT-1","1"
"GTGCAGCCAGAGGTAC-1","3"
"GTGCAGCCATAGAGGC-1","0"
"GTGCAGCTCTATCGTT-1","6"
"GTGCGTGCACAAAGTA-1","0"
"GTGCGTGTCCCTCATG-1","3"
"GTGCGTGTCTGTAAGC-1","4"
"GTGCTGGTCGCCCAGA-1","11"
"GTGCTTCAGCGTTCAT-1","8"
"GTGCTTCTCACAATGC-1","5"
"GTGCTTCTCGCTACAA-1","3"
"GTGGAAGCAAAGCAAT-1","0"
"GTGGAAGCAGATTCGT-1","0"
"GTGGAAGTCCTACACC-1","3"
"GTGGAGACAAACCACT-1","7"
"GTGGAGACAACGGCTC-1","9"
"GTGGAGAGTATGAAAC-1","2"
"GTGGCGTAGCCTCTGG-1","2"
"GTGGCGTGTCAACACT-1","11"
"GTGGGAAAGAGGCGGA-1","3"
"GTGGGAAGTGTCTAAC-1","4"
"GTGGTTACACTCTGCT-1","1"
"GTGGTTAGTCGCTTGG-1","3"
"GTGGTTATCGCCATAA-1","7"
"GTGTAACAGGACAGTC-1","3"
"GTGTCCTGTTGCATGT-1","2"
"GTGTGATAGATAACAC-1","1"
"GTGTGGCAGGAACGCT-1","7"
"GTGTGGCCACGGGCTT-1","3"
"GTGTTAGAGTGCACAG-1","2"
"GTGTTAGAGTGGACTG-1","4"
"GTGTTAGCAAGCGAAC-1","4"
"GTGTTAGCACTCAAGT-1","1"
"GTGTTCCAGTCTGTAC-1","1"
"GTGTTCCCAAGGCCTC-1","2"
"GTGTTCCCACAGAGAC-1","4"
"GTGTTCCCATTCAGCA-1","0"
"GTGTTCCGTGGCTCTG-1","6"
"GTGTTCCTCACCATAG-1","9"
"GTTACAGAGGTACAAT-1","4"
"GTTACAGTCAAGTAAG-1","0"
"GTTACCCCATCCGGTG-1","3"
"GTTACCCTCCCGAACG-1","5"
"GTTACGAAGATTGAGT-1","5"
"GTTACGAAGGTGGCTA-1","0"
"GTTACGACAAACGAGC-1","6"
"GTTAGACCAGAGTGTG-1","6"
"GTTAGACCAGGCATGA-1","4"
"GTTAGACGTCTCCCTA-1","5"
"GTTAGACGTTGCGGCT-1","1"
"GTTAGACTCAGCACCG-1","10"
"GTTAGACTCATTTCGT-1","3"
"GTTAGTGGTGCTTCAA-1","2"
"GTTATGGCATTGGATC-1","4"
"GTTATGGGTCTGTTAG-1","7"
"GTTCCGTAGTGAACAT-1","6"
"GTTCCGTCACAGTATC-1","9"
"GTTCCGTCACTGTCCT-1","0"
"GTTCCGTCATAACTCG-1","4"
"GTTCCGTCATAGGTTC-1","2"
"GTTCGCTAGAAGCTGC-1","1"
"GTTCGCTCACTGAGTT-1","1"
"GTTCGCTTCCATAGAC-1","0"
"GTTCTATAGTAGTCAA-1","0"
"GTTGAACAGTTCAACC-1","5"
"GTTGCGGCAAACTCTG-1","2"
"GTTGCGGCAAGCCTGC-1","6"
"GTTGCGGCACCTATCC-1","1"
"GTTGCGGGTTGGACTT-1","0"
"GTTGCGGGTTTGGAAA-1","7"
"GTTGCGGTCGTAATGC-1","0"
"GTTGCTCGTCATTCCC-1","7"
"GTTGCTCTCGGTCGAC-1","1"
"GTTGTAGGTCCTGGGT-1","6"
"GTTGTAGGTGAATGTA-1","0"
"GTTGTCCGTCGACTTA-1","0"
"GTTGTGACAATGTCAC-1","3"
"GTTGTGAGTTTGAAAG-1","0"
"GTTTACTTCATTGAGC-1","3"
"GTTTGGAAGTATAGAC-1","7"
"GTTTGGAGTTCGTTCC-1","0"
"GTTTGGATCAATCGGT-1","2"
"TAACACGAGGAAAGTG-1","1"
"TAACACGAGTCAAGCG-1","2"
"TAACACGCATCAGTGT-1","1"
"TAACACGGTCATCTAG-1","6"
"TAACACGTCCACTGAA-1","6"
"TAACCAGAGGTCGAGT-1","6"
"TAACCAGCAATAGAGT-1","1"
"TAACCAGCAGAACATA-1","1"
"TAACCAGGTGTTTACG-1","7"
"TAACCAGTCATAGACC-1","1"
"TAACCAGTCCCGTTCA-1","0"
"TAACCAGTCGGTATGT-1","1"
"TAACGACTCCGCGGAT-1","4"
"TAACTTCAGCGTGAAC-1","10"
"TAACTTCGTGTGTCGC-1","5"
"TAACTTCTCATCTCTA-1","3"
"TAACTTCTCATTCTTG-1","0"
"TAAGCACCAACGACTT-1","2"
"TAAGCCACAAATGGCG-1","2"
"TAAGCCACACTGGCCA-1","1"
"TAAGCCACATGCCGCA-1","10"
"TAAGCCAGTAGGCAAC-1","4"
"TAAGCCATCCCTCTAG-1","11"
"TAAGCGTGTACCGGAA-1","1"
"TAAGTCGAGTATAGAC-1","3"
"TAAGTCGCACAGACGA-1","4"
"TAAGTCGCACCTGCGA-1","6"
"TAAGTCGGTCGTTATG-1","7"
"TAAGTCGGTCTAACTG-1","0"
"TAATCTCAGAGAACCC-1","6"
"TAATCTCAGTCTGGTT-1","5"
"TAATCTCAGTGAGGCT-1","5"
"TAATCTCCACAAGCAG-1","3"
"TAATCTCCACGTGTGC-1","2"
"TAATCTCTCAGTGGGA-1","3"
"TAATCTCTCCGCAACG-1","1"
"TAATCTCTCCTGCTAC-1","0"
"TAATTCCAGAAGCCTG-1","10"
"TAATTCCGTAGAGCTG-1","3"
"TAATTCCGTGGACCAA-1","6"
"TACACCCCACAATGTC-1","1"
"TACACCCCATCATTGG-1","8"
"TACACCCGTGACCTGC-1","2"
"TACACCCGTGTCGATT-1","2"
"TACAGGTCACTTCAGA-1","2"
"TACCCACCAGACTCTA-1","0"
"TACCCACCAGCCGGTT-1","3"
"TACCCACGTCTGTAGT-1","0"
"TACCCACTCGCCAACG-1","4"
"TACCCGTCAAGCCCAC-1","0"
"TACCCGTGTCCAGCAC-1","9"
"TACCCGTGTCTCAGAT-1","11"
"TACCCGTTCGGCAGTC-1","6"
"TACCGAACAGCCATTA-1","10"
"TACCGAAGTGGCCCAT-1","9"
"TACCGGGAGTGCAACG-1","4"
"TACCGGGTCTGCTTTA-1","0"
"TACCTCGAGCTGAGCA-1","0"
"TACCTCGCACAACCGC-1","4"
"TACCTCGGTCCCTGAG-1","7"
"TACCTCGGTGAAAGTT-1","3"
"TACCTCGTCGCCTAGG-1","3"
"TACCTGCCACTAACCA-1","3"
"TACCTGCTCACTCTTA-1","10"
"TACGCTCCAGGCGAAT-1","0"
"TACGCTCGTAGGCAGT-1","1"
"TACGCTCGTGCCTGCA-1","1"
"TACGCTCGTGGTCTGC-1","7"
"TACGCTCTCCACCCTA-1","4"
"TACGCTCTCGTAGTCA-1","5"
"TACGCTCTCTACGCAA-1","4"
"TACGGGCAGCTGGCCT-1","0"
"TACGGGCAGGAAAGGT-1","5"
"TACGGGCAGTGGATTA-1","11"
"TACGGGCCATCGTGCG-1","3"
"TACGGGCGTTCCGTTC-1","11"
"TACGGGCTCCATAGGT-1","11"
"TACGGGCTCTCGCTTG-1","1"
"TACGGTAGTTAGGACG-1","6"
"TACGTCCAGAGAGAAC-1","4"
"TACGTCCCATAGGAGC-1","2"
"TACGTCCGTGAATTGA-1","1"
"TACGTCCGTGCGAGTA-1","1"
"TACTGCCAGGGAGTGG-1","1"
"TACTTACAGAATAACC-1","7"
"TACTTACAGGTGCTAG-1","0"
"TACTTACCAGTATACC-1","2"
"TACTTACGTGTCGATT-1","3"
"TACTTACTCCATTGTT-1","0"
"TACTTCAAGATGCAGC-1","1"
"TACTTCAAGTGGTCAG-1","5"
"TACTTCACAAGTGATA-1","0"
"TACTTGTAGGTGTGAC-1","2"
"TACTTGTAGTTGGAGC-1","3"
"TACTTGTCATGAGAAT-1","0"
"TACTTGTGTCACTAGT-1","0"
"TACTTGTTCTGAACGT-1","0"
"TAGACCAAGCCGCACT-1","2"
"TAGACCACATTACGGT-1","0"
"TAGACCATCTCCGAGG-1","11"
"TAGACTGAGACGACTG-1","2"
"TAGACTGAGTCGTCTA-1","11"
"TAGACTGCAAGAGGCT-1","6"
"TAGACTGCATGAATAG-1","4"
"TAGACTGGTAACACCT-1","0"
"TAGACTGTCATTGTGG-1","7"
"TAGACTGTCCAAGGGA-1","2"
"TAGAGTCAGAGAAGGT-1","2"
"TAGAGTCAGGCTAACG-1","8"
"TAGAGTCCACAGCCTG-1","5"
"TAGAGTCGTAGAGACC-1","10"
"TAGAGTCGTGGCGTAA-1","6"
"TAGAGTCGTTCTCTAT-1","1"
"TAGATCGGTTAAACCC-1","7"
"TAGATCGTCATCTCTA-1","1"
"TAGATCGTCATTTCGT-1","4"
"TAGATCGTCCCATGGG-1","1"
"TAGCACAAGCACTTTG-1","8"
"TAGCACACACGTACTA-1","8"
"TAGCACACATCGGAAG-1","2"
"TAGCACACATTGCTGA-1","10"
"TAGCACAGTAACCAGG-1","3"
"TAGGAGGTCAGTGTGT-1","9"
"TAGGGTTAGCATCGAG-1","3"
"TAGGGTTGTCAACATC-1","7"
"TAGGTACTCTATCGTT-1","7"
"TAGGTTGGTATCGCGC-1","5"
"TAGGTTGGTATGGTTC-1","3"
"TAGTGCAAGAAGCGCT-1","1"
"TAGTGCAGTGGCGCTT-1","11"
"TATACCTAGGGCGAAG-1","2"
"TATACCTTCTTCACGC-1","6"
"TATATCCAGCCGCACT-1","0"
"TATATCCAGGTCATTC-1","0"
"TATATCCCAATATCCG-1","2"
"TATATCCCACTTGGCG-1","4"
"TATATCCCATCAGCGC-1","0"
"TATCAGGAGTGATAAC-1","3"
"TATCAGGTCAACGCTA-1","2"
"TATCAGGTCCTTATAC-1","1"
"TATCCTAAGCCTAGGA-1","1"
"TATCGCCCATCGATGT-1","1"
"TATCTGTAGATTGACA-1","3"
"TATCTGTAGTCGAATA-1","10"
"TATCTGTGTTGGCCTG-1","3"
"TATCTGTTCGATTCCC-1","8"
"TATCTGTTCTCTATAC-1","0"
"TATCTTGAGGTAAGAG-1","6"
"TATCTTGGTGTCACAT-1","4"
"TATCTTGTCAAGAAAC-1","2"
"TATCTTGTCTATGTGG-1","8"
"TATGTTCCACTCTAGA-1","8"
"TATGTTCGTTGCCTAA-1","0"
"TATGTTCTCGCTGTTC-1","1"
"TATGTTCTCTAAGGAA-1","4"
"TATTCCACATCGGAGA-1","2"
"TATTCCATCCAATCCC-1","5"
"TATTGCTAGGCCGCTT-1","4"
"TATTGCTTCCGGCTTT-1","3"
"TATTGGGCAGAATGTA-1","8"
"TATTGGGGTATCGCTA-1","7"
"TATTGGGGTGCGTCGT-1","6"
"TATTGGGGTGGCTCTG-1","1"
"TATTGGGTCCCTAGGG-1","1"
"TATTTCGAGCAACCAG-1","1"
"TATTTCGAGTCATCCA-1","6"
"TATTTCGCAGATTTCG-1","10"
"TATTTCGTCCCGAAAT-1","0"
"TATTTCGTCTACGGTA-1","2"
"TATTTCGTCTTGTGCC-1","2"
"TCAAGACGTAACGTTC-1","2"
"TCAAGACGTATCTCTT-1","7"
"TCAAGCAGTAAGCGGT-1","1"
"TCAAGTGAGAGGTTTA-1","5"
"TCAAGTGAGATGATTG-1","4"
"TCAAGTGAGGAGTCTG-1","1"
"TCAAGTGAGGTGCCAA-1","4"
"TCAAGTGCACCGTACG-1","5"
"TCAAGTGCATAATGAG-1","2"
"TCAATCTAGCATAGGC-1","1"
"TCAATCTCAAAGAACT-1","1"
"TCAATCTCACACTTAG-1","3"
"TCAATCTCAGATCACT-1","5"
"TCAATCTCATATACCG-1","4"
"TCAATCTGTCCACTCT-1","4"
"TCAATCTTCGTTAGTG-1","4"
"TCAATTCAGTGCCGAA-1","4"
"TCACAAGCATAACTCG-1","2"
"TCACAAGGTATTTCGG-1","2"
"TCACACCAGCGTACAG-1","0"
"TCACACCAGTCTCGTA-1","0"
"TCACACCAGTTACTCG-1","0"
"TCACATTAGCACTAGG-1","11"
"TCACATTCAACTTGCA-1","10"
"TCACATTGTACCCGCA-1","8"
"TCACATTTCCTCTCTT-1","1"
"TCACATTTCGGTATGT-1","7"
"TCACATTTCGGTCTGG-1","5"
"TCACGCTGTACTAACC-1","5"
"TCACGGGAGCAATTCC-1","4"
"TCACGGGCATAACAGA-1","0"
"TCACGGGGTTACACTG-1","6"
"TCACTATAGTATTAGG-1","8"
"TCACTATGTACAGTAA-1","0"
"TCACTCGAGACATACA-1","5"
"TCACTCGTCGCGCTGA-1","4"
"TCACTCGTCGCGGTAC-1","2"
"TCAGCAAGTGTTCGAT-1","6"
"TCAGCCTCACGTACTA-1","2"
"TCAGGGCAGTGTACAA-1","6"
"TCAGGGCTCACCGGTG-1","11"
"TCAGGTACAGAACCGA-1","7"
"TCAGGTACAGCGTACC-1","0"
"TCAGGTACAGTCCCGA-1","1"
"TCAGGTAGTGTCCTAA-1","3"
"TCAGGTATCACACCGG-1","4"
"TCAGGTATCTCTGCTG-1","6"
"TCAGTCCAGCGGCTCT-1","1"
"TCAGTCCCACATTACG-1","2"
"TCAGTCCTCCCTCTCC-1","7"
"TCAGTGAGTCTCGGAC-1","0"
"TCAGTTTAGGTAACTA-1","1"
"TCAGTTTCAGTGGCTC-1","0"
"TCAGTTTTCCCAAGTA-1","3"
"TCAGTTTTCTCTAGGA-1","0"
"TCATATCGTCCGCAGT-1","4"
"TCATATCGTGTTCCTC-1","10"
"TCATATCTCCCAGGAC-1","3"
"TCATCATCACAGGATG-1","7"
"TCATCATTCCTCTAGC-1","5"
"TCATCATTCTCACGAA-1","5"
"TCATCCGAGAGCATCG-1","0"
"TCATCCGAGAGCCTGA-1","1"
"TCATCCGAGAGTCCGA-1","0"
"TCATCCGAGTGGTGGT-1","0"
"TCATCCGGTAATTGGA-1","8"
"TCATCCGGTGCATGTT-1","2"
"TCATGAGAGCTTCGTA-1","6"
"TCATGAGAGGGTTAAT-1","2"
"TCATGAGGTGATGGCA-1","0"
"TCATGCCAGCTGTTCA-1","3"
"TCATGCCGTGTTCAGT-1","5"
"TCATGCCTCCCTCTAG-1","7"
"TCATGGAGTCTTTCAT-1","11"
"TCATGTTCATCATCCC-1","4"
"TCATGTTGTATCGCAT-1","8"
"TCATGTTGTCGTTTCC-1","6"
"TCATGTTGTGTTCGTA-1","11"
"TCATGTTTCGCCAATA-1","3"
"TCATTACAGAGGGTAA-1","0"
"TCATTACGTGTGATGG-1","0"
"TCATTCAAGGGTACAC-1","3"
"TCATTCAGTGCTAGCC-1","5"
"TCATTCAGTGGTATGG-1","7"
"TCATTGTTCCCGAATA-1","3"
"TCATTTGAGGTTGGTG-1","3"
"TCATTTGGTCAAGCCC-1","6"
"TCATTTGTCTGTGCTC-1","4"
"TCCACCAAGTCATGGG-1","8"
"TCCACCACAACCGCCA-1","11"
"TCCACCACAGTTTGGT-1","4"
"TCCACGTGTGAACTAA-1","3"
"TCCAGAAAGATAGTGT-1","1"
"TCCAGAAAGCTGTACT-1","2"
"TCCAGAACACTTCAGA-1","11"
"TCCAGAAGTTAGGCTT-1","4"
"TCCATCGAGATACCAA-1","2"
"TCCATCGAGATAGTGT-1","4"
"TCCATCGAGCGACAGT-1","0"
"TCCATGCCAGTGTATC-1","7"
"TCCATGCGTATTAAGG-1","6"
"TCCCACATCAGGTAAA-1","11"
"TCCCAGTCACAAGGTG-1","1"
"TCCCAGTCATAAGCAA-1","2"
"TCCCAGTTCCGACGGT-1","0"
"TCCCATGAGCGACCCT-1","1"
"TCCCATGTCTCGCAGG-1","0"
"TCCGAAAAGATAACAC-1","3"
"TCCGAAACAAGGAGTC-1","3"
"TCCGATCAGATCCGAG-1","2"
"TCCGATCTCCGAGTGC-1","11"
"TCCGATCTCGAGTGGA-1","0"
"TCCGATCTCGCGTTTC-1","3"
"TCCGATCTCTAGAACC-1","1"
"TCCGGGAAGCTGAAGC-1","4"
"TCCGGGACACGTCATA-1","0"
"TCCGGGACATGACTGT-1","1"
"TCCGTGTGTAGGATAT-1","5"
"TCCGTGTGTCGCTCGA-1","3"
"TCCGTGTTCCGGTAAT-1","0"
"TCCTAATGTCAAAGTA-1","4"
"TCCTAATTCGTGGGAA-1","3"
"TCCTAATTCTTCCTAA-1","10"
"TCCTCCCAGATGATTG-1","10"
"TCCTCCCCAAGTATAG-1","10"
"TCCTCCCTCCCAATAG-1","7"
"TCCTCGAAGCCGAATG-1","0"
"TCCTCGACACTCCTTG-1","1"
"TCCTCTTAGATCGACG-1","7"
"TCCTCTTAGATCGGTG-1","4"
"TCCTCTTAGCCTCACG-1","1"
"TCCTCTTCAATGTCTG-1","0"
"TCCTCTTCACAGTGAG-1","1"
"TCCTCTTCAGCAATTC-1","1"
"TCCTCTTGTAATTAGG-1","1"
"TCCTCTTGTCTAGTGT-1","0"
"TCCTCTTGTTGGAGGT-1","2"
"TCCTCTTTCCCGAGGT-1","2"
"TCCTCTTTCGTAACAC-1","7"
"TCCTGCACATTCAGCA-1","3"
"TCCTGCAGTTCCACGG-1","2"
"TCCTGCATCGACCATA-1","10"
"TCCTGCATCTCACCCA-1","2"
"TCCTTCTAGGTTACAA-1","2"
"TCCTTCTAGTTAGTAG-1","1"
"TCCTTCTGTATTCCGA-1","2"
"TCCTTTCTCGCTAATG-1","3"
"TCCTTTCTCGTCGATA-1","8"
"TCGAACAAGGGACAGG-1","8"
"TCGAACACAATCGCGC-1","11"
"TCGAACAGTCCGCAGT-1","1"
"TCGAAGTGTATCGTAC-1","1"
"TCGAAGTTCAAGTCTG-1","7"
"TCGAAGTTCGAGTGAG-1","1"
"TCGACGGAGGCCTGAA-1","4"
"TCGACGGGTAACTAAG-1","6"
"TCGATTTTCAAGCCTA-1","10"
"TCGATTTTCACAAGAA-1","10"
"TCGCACTAGGGAGTTC-1","2"
"TCGCAGGCAAATACAG-1","1"
"TCGCAGGGTCAAATCC-1","7"
"TCGCAGGGTCACTCGG-1","10"
"TCGCTCAAGTCCCTAA-1","1"
"TCGCTCACACCAGTTA-1","2"
"TCGCTCATCCAACTAG-1","10"
"TCGCTCATCGCTGTTC-1","4"
"TCGCTCATCTCACGAA-1","1"
"TCGCTTGAGATAGGGA-1","2"
"TCGCTTGAGGCTGTAG-1","3"
"TCGCTTGCATAACTCG-1","9"
"TCGCTTGGTTCCACAA-1","11"
"TCGGATACAGCTGTTA-1","2"
"TCGGGACAGGCAGTCA-1","6"
"TCGGGACGTAGTATAG-1","2"
"TCGGGACGTTGGTACT-1","2"
"TCGGGCAAGACCATGG-1","1"
"TCGGGCAAGAGGGTCT-1","1"
"TCGGGTGGTAAGCAAT-1","7"
"TCGGGTGGTTCGGCTG-1","2"
"TCGGTCTTCATTTGCT-1","1"
"TCGTAGAAGCGTCTGC-1","4"
"TCGTAGACAAGACGAC-1","1"
"TCGTCCAAGCTCATAC-1","8"
"TCGTCCAAGGGTGGGA-1","2"
"TCGTCCAAGGTCTGGA-1","7"
"TCGTGCTAGAGCGACT-1","2"
"TCGTGCTTCCTAAACG-1","6"
"TCGTGGGAGGCCTGAA-1","0"
"TCTAACTAGTTTCTTC-1","6"
"TCTAACTTCCTTCTTC-1","1"
"TCTAACTTCTCCCATG-1","2"
"TCTACCGAGACTCGAG-1","4"
"TCTACCGAGTCACGCC-1","1"
"TCTACCGGTATGACAA-1","11"
"TCTACCGGTCCCGGTA-1","1"
"TCTACCGGTTCGGTAT-1","0"
"TCTACCGTCAACCTTT-1","1"
"TCTACCGTCTATACGG-1","0"
"TCTATACAGACCTTTG-1","3"
"TCTATACCACCAGCGT-1","8"
"TCTATACCATCGTGGC-1","11"
"TCTATACGTTCGTACA-1","2"
"TCTATCAAGACCAGAC-1","1"
"TCTATCAAGGTCCGAA-1","11"
"TCTATCACAGCGAACA-1","5"
"TCTATCAGTGTTCCAA-1","1"
"TCTCACGAGTCTAGAA-1","10"
"TCTCACGAGTGCAGGT-1","0"
"TCTCACGGTGTCCATA-1","7"
"TCTCAGCAGTTTAGGA-1","11"
"TCTCCGAAGGGCCCTT-1","3"
"TCTCCGAAGGTGGTTG-1","11"
"TCTCCGACAGGTTCAT-1","3"
"TCTCCGAGTCCTACAA-1","4"
"TCTCCGAGTTGGGTAG-1","3"
"TCTCCGATCTGAGTCA-1","5"
"TCTCTGGAGAATTGCA-1","0"
"TCTCTGGGTAGAGCTG-1","7"
"TCTCTGGTCCACACAA-1","3"
"TCTCTGGTCTGACGCG-1","5"
"TCTGCCACATAGATCC-1","1"
"TCTGGCTAGGCACTCC-1","2"
"TCTGGCTCAATGTCAC-1","0"
"TCTGTCGAGTAATCCC-1","3"
"TCTTAGTAGACGGAAA-1","8"
"TCTTAGTCAAGGCAAC-1","6"
"TCTTAGTCAGGTGGAT-1","5"
"TCTTCCTAGACGTCGA-1","0"
"TCTTCCTCAAATCGTC-1","5"
"TCTTCCTTCTCCTACG-1","4"
"TCTTGCGAGAGGGTCT-1","6"
"TCTTGCGCATCCTTGC-1","0"
"TCTTGCGTCGCTGCGA-1","8"
"TCTTTGACACGTGAGA-1","5"
"TCTTTGAGTCCGGACT-1","1"
"TCTTTGATCAAGCGTT-1","4"
"TGAACGTAGCCAACCC-1","6"
"TGAACGTAGTTAACAG-1","0"
"TGAACGTTCCTACACC-1","4"
"TGAATCGAGGCTCTAT-1","7"
"TGAATCGGTTCGCGTG-1","0"
"TGAATCGGTTTGACAC-1","7"
"TGAATGCCAAGAGCTG-1","1"
"TGAATGCGTAGCGCTC-1","5"
"TGAATGCGTTCGTACA-1","5"
"TGACAGTAGGTGGGTT-1","9"
"TGACAGTTCAGAGCGA-1","3"
"TGACGCGAGACGGAAA-1","0"
"TGACGCGCATGACTAC-1","1"
"TGACTCCGTATGGGAC-1","0"
"TGAGACTGTATTTCCT-1","5"
"TGAGCATCAGCTCCTT-1","3"
"TGAGCATTCTTTGCTA-1","3"
"TGAGCGCCACAGCGCT-1","7"
"TGAGCGCGTCACCCTT-1","5"
"TGAGCGCGTGCGCTCA-1","6"
"TGAGGAGAGGGAGGCA-1","6"
"TGAGGAGAGGTGCGAT-1","3"
"TGAGGGAAGACCATAA-1","3"
"TGAGGGACACCCTGTT-1","2"
"TGAGGGACAGACCTGC-1","4"
"TGAGGGAGTGGCCACT-1","9"
"TGAGGGATCATCCTGC-1","3"
"TGAGTCATCTGAGCAT-1","4"
"TGATCAGCATAAGCAA-1","2"
"TGATCAGTCGCACTCT-1","5"
"TGATCTTCACGACAAG-1","5"
"TGATCTTTCAGGGATG-1","11"
"TGATCTTTCAGTGGGA-1","6"
"TGATGCAAGACTACCT-1","0"
"TGATGCAAGTAACAGT-1","0"
"TGATGCATCCTCGATC-1","2"
"TGATGGTGTTTAGACC-1","1"
"TGATGGTTCAAAGACA-1","7"
"TGATGGTTCGCCAACG-1","3"
"TGATTCTGTGAATTGA-1","1"
"TGATTCTTCGGCGATC-1","2"
"TGATTCTTCGGTCGGT-1","2"
"TGATTTCGTATACCTG-1","5"
"TGCACGGCAAAGAACT-1","3"
"TGCAGATAGAATTCAG-1","5"
"TGCAGATAGGTTGGAC-1","1"
"TGCAGATGTACTAGCT-1","5"
"TGCAGATGTCAAATCC-1","7"
"TGCAGATGTCGTTTCC-1","1"
"TGCAGGCAGTCATGCT-1","4"
"TGCAGTACAACGATTC-1","2"
"TGCAGTACAATGGGTG-1","1"
"TGCAGTAGTCCCACGA-1","3"
"TGCAGTAGTGCGACAA-1","1"
"TGCAGTAGTTTCGACA-1","3"
"TGCATCCCAAACCGGA-1","7"
"TGCATCCCACCTCTAC-1","4"
"TGCATCCGTCACTTCC-1","7"
"TGCATCCGTCCGGATC-1","8"
"TGCATCCGTTCGGTTA-1","5"
"TGCATCCTCTAGTTCT-1","7"
"TGCATGAAGGAGGTTC-1","7"
"TGCATGACAACCAGAG-1","0"
"TGCATGACAGGTGTGA-1","5"
"TGCATGAGTTTGCCGG-1","2"
"TGCATGATCTCGTCGT-1","9"
"TGCCGAGGTAGCACGA-1","10"
"TGCCGAGTCGTACCTC-1","0"
"TGCGACGCATAACCCA-1","2"
"TGCGACGTCAAACCTG-1","1"
"TGCGACGTCGCGTGAC-1","7"
"TGCGACGTCGGTTAGT-1","0"
"TGCGATACAAGAGCTG-1","1"
"TGCGATATCTATGCCC-1","3"
"TGCGGCACAATACCCA-1","0"
"TGCGGCAGTTACACTG-1","0"
"TGCGGCATCACCTCTG-1","0"
"TGCGGCATCGAATCCA-1","5"
"TGCGGGTCAGCGTGAA-1","8"
"TGCGGGTCAGTATACC-1","9"
"TGCGGGTGTGTTTGCA-1","3"
"TGCTCCAAGCCGCACT-1","6"
"TGCTCCAGTCTGTAAC-1","3"
"TGCTCGTCATGTAACC-1","2"
"TGCTCGTTCACCGACG-1","6"
"TGCTGAAAGGTCTACT-1","3"
"TGCTGAACAAGTTCCA-1","0"
"TGCTGAAGTATCGTTG-1","9"
"TGCTGAATCCGTATGA-1","2"
"TGCTTCGAGGTCCCGT-1","1"
"TGCTTCGAGTCGTTAC-1","3"
"TGCTTCGCAAATGAAC-1","3"
"TGCTTCGGTTCGGGTC-1","2"
"TGCTTGCGTCGTCATA-1","1"
"TGCTTGCGTTAACCTG-1","3"
"TGGAACTAGCGGATCA-1","7"
"TGGAACTGTTGTTGCA-1","4"
"TGGAGAGAGTTGCTGT-1","2"
"TGGAGGAAGAGTTGCG-1","9"
"TGGAGGACACGGGTAA-1","4"
"TGGAGGAGTGAGATTA-1","7"
"TGGAGGATCTTCTCAA-1","3"
"TGGATGTCAATCACGT-1","5"
"TGGCGTGCATACCATG-1","10"
"TGGCGTGCATGCCGAC-1","5"
"TGGCGTGGTTTCTATC-1","9"
"TGGGAAGAGGTAGTCG-1","4"
"TGGGAAGGTCCTGTCT-1","2"
"TGGGAAGTCCAAGAGG-1","9"
"TGGGAAGTCTCTGGTC-1","6"
"TGGGAAGTCTTCGTGC-1","0"
"TGGGATTAGGTGCTGA-1","3"
"TGGGATTTCTGGCTGG-1","4"
"TGGGCGTAGTGAGCCA-1","0"
"TGGGCGTAGTTACTCG-1","10"
"TGGGCGTCACAGTCAT-1","4"
"TGGGCTGAGCTGTGCC-1","11"
"TGGGCTGCACCCAATA-1","4"
"TGGGCTGCAGCACAAG-1","1"
"TGGGCTGGTGTGACCC-1","4"
"TGGGCTGTCATGCATG-1","7"
"TGGGTTACAGCGTGCT-1","9"
"TGGTACACAAGTAGTA-1","1"
"TGGTACAGTTGGCCGT-1","3"
"TGGTAGTCAGCCGGTT-1","1"
"TGGTAGTTCCCTCATG-1","4"
"TGGTAGTTCGATACAC-1","8"
"TGGTAGTTCGGCTGGT-1","11"
"TGGTGATCAACTTCTT-1","7"
"TGGTGATGTTGGGAAC-1","2"
"TGGTGATTCGACGCGT-1","4"
"TGGTTAGCAAGTGTCT-1","2"
"TGTAACGCACGACAAG-1","2"
"TGTAACGCATCGAACT-1","0"
"TGTAACGGTAAGTTAG-1","1"
"TGTAACGGTAGGAAAG-1","1"
"TGTAACGTCATGAAAG-1","10"
"TGTAAGCCAGACGATG-1","9"
"TGTAAGCCATGCCGGT-1","6"
"TGTACAGAGCGGACAT-1","2"
"TGTACAGAGCTACAAA-1","5"
"TGTACAGCATAATGAG-1","1"
"TGTACAGGTTGGTAGG-1","5"
"TGTAGACTCAGGGATG-1","3"
"TGTCAGAAGCGATGAC-1","3"
"TGTCAGAGTGTCTTGA-1","7"
"TGTCAGATCTGATTCT-1","0"
"TGTCCACCACCCGTAG-1","4"
"TGTCCACTCAAGTCTG-1","1"
"TGTCCACTCGAAATCC-1","0"
"TGTCCCATCACCTCAC-1","1"
"TGTCCTGCAACGTATC-1","1"
"TGTCCTGGTCGCCTAG-1","6"
"TGTGAGTAGCCGTTAT-1","2"
"TGTGAGTCACTCCGGA-1","11"
"TGTGATGCACTTACAG-1","5"
"TGTGATGGTCTAACGT-1","3"
"TGTGATGGTTAAAGTG-1","2"
"TGTGCGGAGCGCCATC-1","10"
"TGTGCGGAGCTAGCCC-1","0"
"TGTGCGGGTTGATGTC-1","7"
"TGTGCGGTCAACACCA-1","4"
"TGTGGCGAGATCACTC-1","9"
"TGTGTGACAATCGCGC-1","4"
"TGTGTGAGTGCATTAC-1","6"
"TGTGTGATCACTAGCA-1","1"
"TGTTACTCAGCAGTTT-1","0"
"TGTTACTGTCTTGCTC-1","1"
"TGTTACTTCATGGATC-1","1"
"TGTTCATTCAGGGTAG-1","6"
"TGTTCCGGTGGCCTCA-1","0"
"TGTTCCGGTGTTATCG-1","8"
"TGTTCCGGTTCTCACC-1","2"
"TGTTCTAAGGCAGGTT-1","2"
"TGTTCTAAGTAAACTG-1","4"
"TGTTCTAGTCTAATCG-1","5"
"TGTTCTATCTACTCAT-1","2"
"TGTTGAGAGACTTCCA-1","4"
"TGTTGAGCAGCCCACA-1","4"
"TGTTGAGGTACACTCA-1","5"
"TGTTGAGGTCTACGTA-1","6"
"TGTTGAGGTTATGACC-1","9"
"TGTTGAGTCCATCTGC-1","0"
"TGTTGAGTCCGAACGC-1","6"
"TGTTGGATCACGTAGT-1","3"
"TGTTGGATCCTTCTTC-1","2"
"TGTTTGTAGGAGATAG-1","1"
"TGTTTGTCAAGCAATA-1","4"
"TGTTTGTGTCAACATC-1","10"
"TGTTTGTGTCTCGACG-1","2"
"TGTTTGTGTGTGTGTT-1","9"
"TGTTTGTTCACGAACT-1","2"
"TTAATCCGTAGGAGGG-1","8"
"TTAATCCGTCACCTTC-1","2"
"TTAATCCGTGGGAGAG-1","3"
"TTACAGGTCGAGTGGA-1","7"
"TTACCATTCACAAGGG-1","0"
"TTACCATTCCAGCACG-1","3"
"TTACCGCAGTGCAGGT-1","0"
"TTACCGCTCATAGAGA-1","7"
"TTACCGCTCCCGTAAA-1","7"
"TTACGCCGTCCCAAAT-1","4"
"TTACGCCGTCGTTGGC-1","2"
"TTACGCCGTGCGTTTA-1","5"
"TTACGCCGTTAGGCTT-1","3"
"TTACGTTAGATGAACT-1","4"
"TTACGTTAGGCATCTT-1","6"
"TTACGTTAGGTGATCG-1","7"
"TTACGTTCAACACGAG-1","7"
"TTACGTTCATTCTGTT-1","1"
"TTACTGTAGCGTTCAT-1","1"
"TTACTGTTCTCGACCT-1","2"
"TTAGGCAGTGAACGGT-1","0"
"TTAGGCAGTGACTATC-1","6"
"TTAGGCATCACGGACC-1","1"
"TTAGGGTTCAGTGTCA-1","8"
"TTAGGGTTCCGCACGA-1","3"
"TTAGTCTAGCGTCTGC-1","9"
"TTAGTCTCACGCAAAG-1","1"
"TTATTGCCAGCTCGGT-1","6"
"TTCAATCCAGTGAGCA-1","11"
"TTCAATCGTACAGAAT-1","6"
"TTCAATCGTCCCTGTT-1","7"
"TTCAATCTCGCAGTTA-1","0"
"TTCACCGCATAACCCA-1","3"
"TTCACCGTCCACTTCG-1","2"
"TTCACCGTCTACGCGG-1","1"
"TTCACGCAGTTGCATC-1","1"
"TTCACGCCAAACTCGT-1","5"
"TTCACGCGTCACTCAA-1","3"
"TTCACGCGTTACGCCG-1","9"
"TTCACGCTCCCAGCGA-1","0"
"TTCAGGAAGCTGACAG-1","4"
"TTCAGGACACCGAATT-1","9"
"TTCAGGACACCTGCTT-1","8"
"TTCAGGACAGCTTTCC-1","9"
"TTCAGGACAGGCTCTG-1","0"
"TTCAGGAGTCCTGTTC-1","6"
"TTCATGTCACGTAGAG-1","0"
"TTCATGTGTATGTGTC-1","9"
"TTCATTGAGAGAGGGC-1","5"
"TTCATTGTCCATACTT-1","8"
"TTCATTGTCCTCTCTT-1","8"
"TTCCAATGTGATCGTT-1","4"
"TTCCAATGTGGTATGG-1","10"
"TTCCACGAGAGTCTTC-1","2"
"TTCCACGAGGCAGGTT-1","5"
"TTCCACGAGTGCGTCC-1","2"
"TTCCGGTAGGTATAGT-1","2"
"TTCCGTGCAACTGATC-1","11"
"TTCCGTGCAGCTGTGC-1","5"
"TTCCGTGGTATGCGTT-1","9"
"TTCCGTGTCGGTGCAC-1","9"
"TTCCTAACAGACCAAG-1","5"
"TTCCTAACATAATGCC-1","4"
"TTCCTAATCATTCACT-1","0"
"TTCCTAATCCTAAGTG-1","5"
"TTCCTCTAGAGCAGAA-1","3"
"TTCCTCTCAATTGTGC-1","0"
"TTCCTCTTCATGCCGG-1","4"
"TTCCTTCAGAACCCGA-1","4"
"TTCCTTCCATATACCG-1","5"
"TTCCTTCGTAGAGTTA-1","4"
"TTCGATTAGGCAGGGA-1","8"
"TTCGATTTCCTGTTGC-1","7"
"TTCGCTGCAAATGATG-1","1"
"TTCGCTGCAGTACTAC-1","1"
"TTCGCTGGTGAGTTGG-1","11"
"TTCGCTGGTTTGGGTT-1","2"
"TTCGCTGTCACGAGGA-1","4"
"TTCGCTGTCGGAAACG-1","10"
"TTCGGTCAGCTCCATA-1","3"
"TTCGGTCAGTCTGCAT-1","8"
"TTCTAACAGGGTATAT-1","5"
"TTCTAACCAAACAGGC-1","0"
"TTCTAACGTCTCGGAC-1","3"
"TTCTAACTCTCAATCT-1","0"
"TTCTAGTAGGAATTAC-1","10"
"TTCTAGTAGTTACGAA-1","4"
"TTCTAGTGTAGTCACT-1","0"
"TTCTAGTTCATGTCAG-1","0"
"TTCTCTCAGTCAGGGT-1","9"
"TTCTCTCCACCGCTAG-1","0"
"TTCTCTCGTACCACGC-1","4"
"TTCTCTCGTATTTCGG-1","0"
"TTCTCTCGTCTACACA-1","9"
"TTCTGTACATCATCTT-1","8"
"TTCTGTAGTGAGATCG-1","10"
"TTCTGTATCGTTCTGC-1","11"
"TTCTTCCAGCTCACTA-1","9"
"TTCTTCCCAGGACTTT-1","9"
"TTCTTCCGTTAAGACA-1","6"
"TTCTTGAAGTTTGTCG-1","11"
"TTCTTGAGTGTCCATA-1","1"
"TTGAACGCATCCGTTC-1","6"
"TTGAACGTCCGCCTAT-1","8"
"TTGAACGTCTACCTTA-1","3"
"TTGACCCGTACCCGAC-1","2"
"TTGACCCGTAGCGCTC-1","2"
"TTGACCCGTATGAAGT-1","1"
"TTGACCCTCTTTGGAG-1","0"
"TTGAGTGAGAAGTCCG-1","0"
"TTGAGTGCAGGTCCCA-1","2"
"TTGAGTGTCCTACACC-1","3"
"TTGATGGAGAGGTTAT-1","4"
"TTGATGGTCCGTGCGA-1","1"
"TTGCCTGAGGCTTTCA-1","10"
"TTGCCTGCATCATTGG-1","1"
"TTGCCTGCATCGGCCA-1","7"
"TTGCTGCAGTGCACAG-1","9"
"TTGCTGCCAAGGTACG-1","3"
"TTGCTGCCAGTATACC-1","7"
"TTGCTGCTCTGGACTA-1","1"
"TTGGATGAGAATTTGG-1","5"
"TTGGATGAGCGTCAAG-1","5"
"TTGGATGAGCGTGTCC-1","8"
"TTGGATGAGGGACCAT-1","0"
"TTGGATGAGGTTCAGG-1","2"
"TTGGATGCACGTAGTT-1","5"
"TTGGATGCATGAGATA-1","9"
"TTGGATGGTACGTGTT-1","8"
"TTGGGATAGCTCGTGC-1","0"
"TTGGGATGTCCCTCAT-1","9"
"TTGGGATGTCGAACGA-1","6"
"TTGGGCGAGATGGGCT-1","10"
"TTGGGCGAGCACACCC-1","0"
"TTGGGCGAGGTCTGGA-1","2"
"TTGGGCGAGTCTCTGA-1","0"
"TTGGGCGCATGGACAG-1","6"
"TTGGGCGTCCGAGCTG-1","2"
"TTGGGTAAGTATCCTG-1","4"
"TTGGGTAGTTAGAAAC-1","8"
"TTGGTTTCACTTGGCG-1","1"
"TTGGTTTCAGGCTTGC-1","3"
"TTGGTTTGTCGAATTC-1","3"
"TTGGTTTTCGTTGTGA-1","6"
"TTGTGTTCACTGCTTC-1","3"
"TTGTGTTTCCCAATAG-1","6"
"TTGTTCAAGTCTAGCT-1","6"
"TTGTTCAGTTCGAGCC-1","1"
"TTGTTCATCACGGGCT-1","1"
"TTGTTGTGTCAGATTC-1","1"
"TTGTTGTTCACTTGTT-1","2"
"TTGTTGTTCTATCGTT-1","7"
"TTGTTGTTCTTCTCAA-1","2"
"TTGTTTGCAGGAGGTT-1","1"
"TTGTTTGGTCACTCAA-1","5"
"TTGTTTGGTGACTGTT-1","4"
"TTTACCAAGACCAAAT-1","5"
"TTTACCAAGGCTCAAG-1","2"
"TTTACCACAAAGCACG-1","8"
"TTTACCACAAGCTGTT-1","8"
"TTTACCACAAGTCCAT-1","7"
"TTTACCATCCAAGAGG-1","2"
"TTTACGTTCCATGCAA-1","1"
"TTTACGTTCCTTATAC-1","10"
"TTTACGTTCTTGTTAC-1","5"
"TTTACTGAGCGATCGA-1","0"
"TTTACTGCACGTATAC-1","6"
"TTTACTGGTAGGCAGT-1","7"
"TTTACTGGTCACAGTT-1","5"
"TTTACTGTCTTACGTT-1","5"
"TTTACTGTCTTCACGC-1","8"
"TTTAGTCAGCGTTCCG-1","0"
"TTTAGTCAGTGATGGC-1","2"
"TTTCACAAGTCTCGTA-1","7"
"TTTCACAAGTTGTACC-1","10"
"TTTCACACAATAGTCC-1","0"
"TTTCACACACAAGGTG-1","2"
"TTTCACACAGTTTGGT-1","0"
"TTTCACAGTCACTGAT-1","8"
"TTTCACAGTTAAGCAA-1","0"
"TTTCACATCCGAAATC-1","4"
"TTTCAGTCATAGATCC-1","10"
"TTTCATGAGTCAACAA-1","4"
"TTTCATGCAACCCTAA-1","9"
"TTTCATGCATAGGAGC-1","5"
"TTTCATGGTTAGGCTT-1","9"
"TTTCATGTCACCTTGC-1","6"
"TTTCCTCAGTTAACAG-1","6"
"TTTCCTCCAGTGCCTG-1","0"
"TTTCCTCGTCCAACGC-1","6"
"TTTCCTCGTGTCGATT-1","5"
"TTTGACTGTCCTGGTG-1","1"
"TTTGACTTCAATCCGA-1","1"
"TTTGATCAGAGCATCG-1","2"
"TTTGATCAGCCGGATA-1","10"
"TTTGATCAGGACAGTC-1","0"
"TTTGATCTCCGTAATG-1","2"
"TTTGGAGAGTGGACTG-1","0"
"TTTGGTTAGTGCAAAT-1","3"
"TTTGGTTGTGTGTGGA-1","3"
"TTTGGTTTCTGGGATT-1","7"
"TTTGGTTTCTTCGTAT-1","5"
"TTTGTTGAGCATAGGC-1","6"
"TTTGTTGAGTCGAAGC-1","3"
"TTTGTTGCAGACCTAT-1","7"
